family,genus_species,constant_a,allometric_coefficient_b,tl_correction_multiply,home_range,activity,schooling,level_water,size_class,diet_gaspar
belonidae,ablennes_hians,0.000000173,3.3227,9.68054211,w,b,m,h,6,fc
pomacentridae,abudefduf_concolor,0.0246,2.85,1,m,d,f,l,3,om
pomacentridae,abudefduf_declivifrons,0.0246,2.85,1,m,d,f,l,3,om
pomacentridae,abudefduf_hoefleri,0.0246,2.85,1,m,d,f,l,4,om
pomacentridae,abudefduf_luridus,0.0344,2.813,1,m,d,f,l,3,om
pomacentridae,abudefduf_saxatilis,0.0246,2.85,1,m,d,f,l,4,om
pomacentridae,abudefduf_taurus,0.0246,2.85,1,m,d,f,l,4,om
pomacentridae,abudefduf_troschelii,0.0246,2.85,1,m,d,f,l,4,pk
chaenopsidae,acanthemblemaria_atrata,0.00000841,2.9625,10,s,d,s,b,1,pk
chaenopsidae,acanthemblemaria_balanorum,8.41E-06,2.9625,10,s,d,s,b,1,im
chaenopsidae,acanthemblemaria_castroi,8.41E-06,2.9625,10,s,d,s,b,2,pk
chaenopsidae,acanthemblemaria_crockeri,8.41E-06,2.9625,10,s,d,s,b,2,pk
chaenopsidae,acanthemblemaria_exilispinus,8.41E-06,2.9625,10,s,d,s,b,2,pk
chaenopsidae,acanthemblemaria_hancocki,8.41E-06,2.9625,10,s,d,s,b,1,pk
chaenopsidae,acanthemblemaria_macrospilus,0.00000841,2.9625,10,s,d,s,b,2,pk
chaenopsidae,acanthemblemaria_mangognatha,8.41E-06,2.9625,10,s,d,s,b,1,pk
chaenopsidae,acanthemblemaria_stephensi,0.00000841,2.9625,10,s,d,s,b,2,pk
serranidae,acanthistius_brasilianus,0.0000254,2.9266,10,s,d,s,b,5,im
serranidae,acanthistius_patachonicus,2.54E-05,2.9266,10,s,d,s,b,4,im
scombridae,acanthocybium_solandri,0.0044,3.082,1,w,d,m,h,6,fc
labridae,acantholabrus_palloni,0.0108,3.074,1,m,d,s,l,4,im
ostraciidae,acanthostracion_guineensis,0.000108343,2.6794,10,m,d,s,l,3,is
ostraciidae,acanthostracion_notacanthus,0.000108343,2.6794,10,m,d,s,l,5,is
ostraciidae,acanthostracion_polygonius,0.000108343,2.6794,10,m,d,s,l,5,is
ostraciidae,acanthostracion_quadricornis,0.000956313,2.2629,10,m,d,s,b,5,im
acanthuridae,acanthurus_achiles,0.0267,2.984,0.908265213,m,d,m,b,4,hd
acanthuridae,acanthurus_bahianus,0.026,2.87,1,m,d,m,l,4,hd
acanthuridae,acanthurus_chirurgus,0.024,2.93,1,m,d,m,l,4,hd
acanthuridae,acanthurus_coeruleus,0.0000607,2.8346,8.98472597,m,d,m,l,4,hd
acanthuridae,acanthurus_guttatus,0.00286,3,0.98,m,d,l,b,4,hd
acanthuridae,acanthurus_monroviae,0.0181,3.09,1,m,d,m,l,5,hd
acanthuridae,acanthurus_nigricans,0.0267,2.984,0.908265213,s,d,f,b,3,hd
acanthuridae,acanthurus_triostegus,0.0831,2.57,0.971817298,w,d,l,b,3,hd
acanthuridae,acanthurus_xanthopterus,0.0267,2.984,0.908265213,m,d,m,b,5,hd
gobiesocidae,acyrtops_beryllinus,0.0001,0.834,0.05,s,d,s,b,1,im
gobiesocidae,acyrtus_artius,0.0001,0.834,0.05,s,d,s,b,1,im
gobiesocidae,acyrtus_pauciradiatus,0.0001,0.834,0.05,s,d,s,b,1,im
ophichthidae,ahlia_egmontis,0.00025,3.15,0.16,m,d,s,b,4,fc
albulidae,albula_esuncula,4.74E-06,3.1871,8.72600349,w,b,m,l,5,im
albulidae,albula_vulpes,0.00000474,3.1871,8.72600349,m,d,f,l,6,im
carangidae,alectis_alexandrinus,0.0786,2.58,0.894454383,w,d,l,h,6,fc
carangidae,alectis_ciliaris,0.0786,2.58,0.894454383,w,b,f,h,6,fc
oreosomatidae,allocyttus_verrucosus,0.0126,3.191,0.98,m,b,f,b,5,im
epinephelidae,alphestes_afer,0.0000254,2.9266,10,s,d,s,l,4,im
epinephelidae,alphestes_immaculatus,0.0000254,2.9266,10,s,n,s,b,4,im
epinephelidae,alphestes_multiguttatus,2.54E-05,2.9266,10,s,n,s,b,4,im
monacanthidae,aluterus_heudelotii,0.0194,2.96,0.82781457,w,d,m,h,5,om
monacanthidae,aluterus_monoceros,0.0194,2.96,0.82781457,w,b,s,h,5,pk
monacanthidae,aluterus_schoepfii,0.0194,2.96,0.82781457,w,d,m,h,5,om
monacanthidae,aluterus_scriptus,0.01264154,1.8136,10,w,b,s,l,5,pk
cirrhitidae,amblycirrhitus_earnshawi,0.000000962,3.4266,10,s,d,s,b,2,im
cirrhitidae,amblycirrhitus_pinos,0.000000962,3.4266,10,s,d,s,b,2,im
ammodytidae,ammodytoides_gilli,0.000001,1.071,1,m,d,f,l,3,pk
batrachoididae,amphichthys_cryptocentrus,0.00000213,3.314,10,s,d,s,b,5,im
muraenidae,anarchias_euryurus,0.001,3.07,1,s,b,s,b,4,fc
muraenidae,anarchias_galapagensis,0.001,3.07,1,s,n,s,b,4,fc
muraenidae,anarchias_longicaudis,0.001,3.07,1,s,b,s,b,4,fc
muraenidae,anarchias_similis,0.001,3.07,1,s,b,s,b,4,fc
haemulidae,anisotremus_caesius,0.0000101,3.1674,8.97666068,w,n,f,b,4,im
haemulidae,anisotremus_davidsonii,1.01E-05,3.1674,8.97666068,w,n,f,b,5,im
haemulidae,anisotremus_interruptus,0.00000239,3.3916,8.68055556,w,n,f,b,5,im
haemulidae,anisotremus_moricandi,0.0000101,3.1674,8.97666068,m,d,s,l,3,im
haemulidae,anisotremus_scapularis,1.01E-05,3.1674,8.97666068,w,n,f,b,5,im
haemulidae,anisotremus_surinamensis,0.00000239,3.3916,8.68055556,m,d,f,l,5,im
haemulidae,anisotremus_taeniatus,0.0000101,3.1674,8.97666068,w,n,f,b,4,im
haemulidae,anisotremus_virginicus,0.0000101,3.1674,8.97666068,m,d,f,l,5,im
antennariidae,antennarius_avalonis,0.0236,3.293,1,s,b,s,b,4,im
antennariidae,antennarius_coccineus,0.0236,3.293,1,s,n,s,b,3,fc
antennariidae,antennarius_commerson,0.0236,3.293,1,s,n,s,b,4,fc
antennariidae,antennarius_multiocellatus,0.0236,3.293,1,s,b,s,b,4,fc
antennariidae,antennarius_nummifer,0.0236,3.293,1,s,n,s,b,2,fc
antennariidae,antennarius_pardalis,0.0236,3.293,1,s,b,s,b,3,fc
antennariidae,antennarius_radiosus,0.0236,3.293,1,s,b,s,b,2,fc
antennariidae,antennarius_sanguineus,0.0236,3.293,1,s,b,s,b,2,im
antennariidae,antennarius_senegalensis,0.0236,3.293,1,s,b,s,b,4,fc
antennariidae,antennarius_striatus,0.0236,3.293,1,s,n,s,b,4,fc
antennariidae,antennatus_strigatus,0.0236,3.293,1,s,b,s,b,2,im
serranidae,anthias_anthias,0.0242,2.611,1,s,d,m,l,4,pk
serranidae,anthias_noeli,0.0242,2.611,1,m,b,l,h,4,pk
serranidae,anthias_salmopunctatus,0.0242,2.611,1,s,d,m,l,2,pk
lutjanidae,aphareus_furca,0.01048,3,1,w,b,f,l,5,fc
gobiesocidae,apletodon_dentatus_dentatus,0.0001,0.829,1,s,d,s,b,1,im
gobiesocidae,apletodon_incognitus,0.0001,0.829,1,s,d,s,b,1,im
gobiesocidae,apletodon_pellegrini,0.0001,0.829,1,s,d,s,b,1,im
gobiesocidae,apletodon_wirtzi,0.0001,0.829,1,s,d,s,b,1,im
apogonidae,apogon_affinis,0.0000228,2.9434,9.61538462,s,n,f,l,3,pk
apogonidae,apogon_americanus,0.0000228,2.9434,9.61538462,s,n,s,l,3,pk
apogonidae,apogon_atradorsatus,0.0103,3.0749,1,s,n,f,l,2,pk
apogonidae,apogon_atricaudus,2.28E-05,2.9434,9.61538462,s,n,f,l,2,pk
apogonidae,apogon_axillaris,0.0000228,2.9434,9.61538462,s,n,f,l,2,pk
apogonidae,apogon_dovii,2.28E-05,2.9434,9.61538462,s,n,f,l,2,pk
apogonidae,apogon_guadalupensis,0.0098,3.1923,1,s,n,f,l,3,pk
apogonidae,apogon_imberbis,0.0000228,2.9434,9.61538462,s,n,l,l,3,pk
apogonidae,apogon_pacificus,0.0103,3.0749,1,s,n,f,l,3,pk
apogonidae,apogon_planifrons,2.28E-05,2.9434,9.61538462,s,n,s,l,3,pk
apogonidae,apogon_pseudomaculatus,0.0000228,2.9434,9.61538462,s,n,s,l,3,pk
apogonidae,apogon_quadrisquamatus,2.28E-05,2.9434,9.61538462,s,n,f,l,2,pk
apogonidae,apogon_retrosella,0.0098,3.1923,1,s,n,f,l,3,pk
apogonidae,apogon_robbyi,2.28E-05,2.9434,9.61538462,s,n,f,l,1,pk
lutjanidae,apsilus_fuscus,0.0093,2.88,0.977517107,m,d,f,h,6,im
ophichthidae,apterichtus_equatorialis,0.0002,3.15,1,m,n,s,b,4,im
sparidae,archosargus_pourtalesii,0.0215,2.96,1,m,d,m,l,4,om
sparidae,archosargus_probatocephalus,0.0215,2.96,1,m,d,f,l,6,om
sparidae,archosargus_rhomboidalis,0.0215,2.96,1,m,d,f,l,4,om
gobiesocidae,arcos_decoris,0.00001,0.868,1,s,d,s,b,1,im
gobiesocidae,arcos_erythrops,0.00001,0.868,1,s,d,s,b,1,im
gobiesocidae,arcos_poecilophthalmos,0.00001,0.868,1,s,d,s,b,2,im
gobiesocidae,arcos_rhodospilus,0.00001,0.868,1,s,d,s,b,2,im
sciaenidae,argyrosomus_regius,0.00826,3.059,1,m,d,f,l,6,im
congridae,ariosoma_anale,0.0001,1.01,1,s,d,s,b,4,im
congridae,ariosoma_gilberti,0.0001,1.01,1,s,n,s,b,3,im
tetraodontidae,arothron_firmamentum,0.0634,2.756,1,m,d,s,b,4,im
tetraodontidae,arothron_hispidus,0.0634,2.756,1,m,d,s,b,5,im
tetraodontidae,arothron_meleagris,0.0634,2.756,1,m,d,s,b,5,im
tetraodontidae,arothron_nigropunctatus,0.0634,2.756,1,m,d,s,b,4,im
gobiidae,aruma_histrio,0.0001,0.823,1,s,d,s,b,2,im
triglidae,aspitrigla_cuculus,0.00561,3.169,1,m,b,f,l,4,im
apogonidae,astrapogon_puncticulatus,0.0103,3.0749,1,s,n,s,l,2,pk
apogonidae,astrapogon_stellatus,0.0103,3.0749,1,s,n,s,l,2,pk
Uranoscopidae,astroscopus_y_graecum,0.00001,0.00001,1,s,d,s,b,5,fc
atherinopsidae,atherinella_starksi,0.00001,1.105,1,w,d,l,h,3,pk
sciaenidae,atractoscion_nobilis,0.0123,2.942,1,w,b,f,l,6,fc
aulostomidae,aulostomus_chinensis,0.0002,3.514,1,m,d,s,l,5,fc
aulostomidae,aulostomus_strigosus,0.0002,3.514,1,m,d,f,l,5,fc
tripterygiidae,axoclinus_cocoensis,0.00000953,2.9895,10,s,d,s,b,1,im
tripterygiidae,axoclinus_lucillae,9.53E-06,2.9895,10,s,d,s,b,1,im
tripterygiidae,axoclinus_multicinctus,9.53E-06,2.9895,10,s,d,s,b,1,im
tripterygiidae,axoclinus_nigricaudus,9.53E-06,2.9895,10,s,d,s,b,1,im
tripterygiidae,axoclinus_rubinoffi,0.00000953,2.9895,10,s,d,s,b,1,im
pomacentridae,azurina_eupalama,0.0052,3.4166,1,s,d,m,h,3,pk
pomacentridae,azurina_hirundo,0.0052,3.4166,1,s,d,m,h,3,pk
balistidae,balistes_capriscus,0.024,2.942,1,w,d,l,h,5,im
balistidae,balistes_polylepis,0.024,2.942,1,m,d,s,b,5,im
balistidae,balistes_punctatus,0.024,2.942,1,m,d,s,l,5,im
balistidae,balistes_vetula,0.0205,3.064,0.793021412,m,d,s,l,5,im
gobiidae,barbulifer_ceuthoecus,0.00001,0.805,1,s,d,s,b,1,im
gobiidae,barbulifer_mexicanus,0.00001,0.805,1,s,d,s,b,1,im
gobiidae,barbulifer_pantherinus,0.00001,0.805,1,s,d,s,b,1,im
gobiidae,bathygobius_andrei,0.0109,3.09,1,s,d,s,b,3,im
gobiidae,bathygobius_burtoni,0.0109,3.09,1,s,d,f,b,2,im
gobiidae,bathygobius_casamancus,0.0109,3.09,1,s,d,f,b,2,im
gobiidae,bathygobius_lineatus,0.0109,3.09,1,s,d,s,b,3,im
gobiidae,bathygobius_mystacium,0.0109,3.09,1,s,d,f,b,3,im
gobiidae,bathygobius_ramosus,0.0109,3.09,1,s,d,s,b,4,im
gobiidae,bathygobius_soporator,0.0109,3.09,1,s,d,f,b,3,im
batrachoididae,batrachoides_boulengeri,0.00001,0.0001,1,s,b,s,b,4,fc
belonidae,belone_belone,0.0002,3.46,0.962,m,d,f,h,5,fc
blenniidae,blennius_normani,0.0149,2.943,1,s,d,s,b,2,im
labridae,bodianus_diplotaenia,0.0446,2.76,1,m,d,s,b,5,im
labridae,bodianus_eclancheri,0.0446,2.76,1,m,d,s,b,5,im
labridae,bodianus_insularis,0.0446,2.76,1,m,d,s,l,4,im
labridae,bodianus_pulchellus,0.0446,2.76,1,m,d,s,l,4,im
labridae,bodianus_rufus,0.0446,2.76,1,m,d,s,l,5,im
labridae,bodianus_scrofa,0.0446,2.76,1,m,d,s,l,5,im
labridae,bodianus_speciosus,0.0446,2.76,1,m,d,s,l,5,im
gobiidae,bollmannia_chlamydes,0.0001,0.000001,1,s,d,s,b,3,im
sparidae,boops_boops,0.0008,3.049,1,m,d,f,h,4,pk
bothidae,bothus_guibei,6.35E-06,3.1894,10,s,d,s,b,4,im
bothidae,bothus_leopardinus,6.35E-06,3.1894,10,m,b,s,b,2,im
bothidae,bothus_lunatus,0.00000635,3.1894,10,s,d,s,b,5,fc
bothidae,bothus_maculiferus,6.35E-06,3.1894,10,s,d,s,b,4,im
bothidae,bothus_mancus,0.00000635,3.1894,10,m,b,s,b,4,fc
bothidae,bothus_mellissi,6.35E-06,3.1894,10,s,d,s,b,3,im
bothidae,bothus_ocellatus,0.00000635,3.1894,10,m,b,s,b,3,im
bothidae,bothus_podas,6.35E-06,3.1894,10,s,d,s,b,5,im
bothidae,bothus_robinsi,6.35E-06,3.1894,10,s,d,s,b,4,im
bregmacerotidae,bregmaceros_mcclellandi,0.0001,1.07,1,s,n,s,b,2,pk
ophidiidae,brotula_barbata,0.003,3.091,0.872,s,d,s,b,6,im
ophidiidae,brotula_clarkae,0.003,3.091,0.872,m,n,s,b,6,im
ophidiidae,brotula_multibarbata,0.003,3.091,0.872,s,n,s,b,4,fc
ophidiidae,brotula_ordwayi,0.003,3.091,0.872,m,n,s,b,5,im
ophidiidae,brotulotaenia_brevicauda,0.001,1.007,1,s,d,s,b,4,im
syngnathidae,bryx_veleronis,3.00E-04,3.156,1,s,d,s,b,2,pk
bythitidae,calamopteryx_jeb,0.0001,1.094,1,s,n,s,b,2,im
sparidae,calamus_bajonado,0.0000667,2.8175,8.86524823,m,d,m,l,5,im
sparidae,calamus_brachysomus,0.0221,2.99,0.848176421,m,d,p,l,5,im
sparidae,calamus_calamus,0.0000678,2.8009,9.46073794,m,d,m,l,5,im
sparidae,calamus_mu,0.0221,2.99,0.848176421,m,d,m,l,4,im
sparidae,calamus_penna,0.0221,2.99,0.848176421,m,d,m,l,5,im
sparidae,calamus_pennatula,0.0221,2.99,0.848176421,m,d,m,l,4,im
sparidae,calamus_taurinus,0.0221,2.99,0.848176421,m,d,s,l,5,im
callanthiidae,callanthias_ruber,0.0001,1.469,1,m,d,m,l,5,im
ophichthidae,callechelys_cliffi,0.0001,0.00001,1,m,n,s,b,5,im
ophichthidae,callechelys_eristigma,0.0001,0.00001,1,m,n,s,b,6,im
ophichthidae,callechelys_galapagensis,0.0001,0.00001,1,m,n,s,b,6,im
callionymidae,paradiplogrammus_bairdi,0.0231,3.121,1,s,d,s,b,2,im
labridae_scarini,calotomus_carolinus,0.0000835,2.7438,10,m,d,s,b,4,hd
monacanthidae,cantherhines_dumerilii,0.000124825,2.6534,10,m,d,p,b,4,im
monacanthidae,cantherhines_macroceros,0.000124825,2.6534,10,m,d,p,l,5,is
monacanthidae,cantherhines_pardalis,0.000124825,2.6534,10,m,d,s,b,4,im
monacanthidae,cantherhines_pullus,0.000186982,2.5632,10,m,d,s,l,4,im
balistidae,canthidermis_maculata,0.0000155,3.0554,10,w,d,m,h,4,pk
balistidae,canthidermis_sufflamen,0.0000155,3.0554,9.86193294,w,d,m,h,5,pk
tetraodontidae,canthigaster_amboinensis,0.0323,2.9533,1,s,d,s,b,3,om
tetraodontidae,canthigaster_capistrata,0.0323,2.9533,1,m,d,s,l,1,im
tetraodontidae,canthigaster_figueiredoi,0.0323,2.9533,1,m,d,s,l,3,im
tetraodontidae,canthigaster_janthinoptera,0.0323,2.9533,1,s,d,s,b,2,om
tetraodontidae,canthigaster_punctatissima,0.0323,2.9533,1,s,d,p,b,2,im
tetraodontidae,canthigaster_rostrata,0.0323,2.9533,1,m,d,s,l,3,im
tetraodontidae,canthigaster_sanctaehelenae,0.0323,2.9533,1,m,d,s,l,2,im
tetraodontidae,canthigaster_supramacula,0.0323,2.9533,1,m,d,s,l,1,im
tetraodontidae,canthigaster_valentini,0.0323,2.9533,1,s,d,p,b,2,om
caproidae,capros_aper,0.0193,2.937,0.95785,m,b,f,l,4,im
carangidae,carangoides_bartholomaei,0.000032,2.9085,8.72600349,w,d,l,h,6,fc
carangidae,carangoides_orthogramus,1.75E-02,3.026,8.826125331,w,b,f,h,5,fc
carangidae,caranx_caballus,0.0459,2.593,1,w,b,f,h,5,fc
carangidae,caranx_crysos,0.0459,2.593,1,w,d,l,h,5,fc
carangidae,caranx_fischeri,0.0186,2.8563,1,w,d,l,h,5,fc
carangidae,caranx_hippos,0.0000955,2.7344,8.826125331,w,d,l,h,6,fc
carangidae,caranx_latus,0.0186,2.8563,1,w,d,l,h,6,im
carangidae,caranx_lugubris,0.0187,2.9,1,w,b,f,h,6,fc
carangidae,caranx_melampygus,0.0187,2.9,1,w,b,f,h,6,fc
carangidae,caranx_rhonchus,0.122,2.241,1,w,d,l,h,5,fc
carangidae,caranx_ruber,0.00000428,3.237,8.81057269,w,d,l,h,5,fc
carangidae,caranx_senegallus,0.122,1.29,1,w,d,l,h,6,fc
carangidae,caranx_sexfasciatus,0.0459,2.593,1,w,b,m,h,6,im
sternopygidae,carapus_acus,0.0001,1,1,s,b,s,b,4,im
sternopygidae,carapus_bermudensis,0.0001,1,1,s,b,s,b,4,im
carapidae,carapus_dubius,0.0001,1,1,s,n,s,b,3,im
carapidae,carapus_mourlani,0.0001,1,1,s,n,s,b,3,im
malacanthidae,caulolatilus_affinis,0.01008,3.197,1,m,d,s,b,5,im
malacanthidae,caulolatilus_hubbsi,0.01008,3.197,1,m,d,s,b,4,im
malacanthidae,caulolatilus_princeps,0.01008,3.197,1,m,d,s,b,6,im
labridae,centrolabrus_trutta,0.0001,1,1,m,d,s,l,3,im
pomacanthidae,centropyge_aurantonotus,0.092,2.458,1,s,d,s,l,2,hd
pomacanthidae,centropyge_resplendens,0.092,2.458,1,s,d,s,l,2,hd
epinephelidae,cephalopholis_fulva,0.0114,3.128,1,m,d,s,b,5,im
epinephelidae,cephalopholis_nigri,0.0114,3.128,1,m,d,s,b,4,im
epinephelidae,cephalopholis_panamensis,0.0114,1,1,s,n,s,b,4,fc
epinephelidae,cephalopholis_taeniops,0.0067,3.2384,1,m,d,s,b,5,fc
microdesmidae,cerdale_fasciata,0.0001,1,1,s,d,s,l,1,im
microdesmidae,cerdale_ionthas,0.0001,1,1,s,d,s,b,2,im
engraulidae,cetengraulis_mysticetus,0.00351,3.404,1,w,b,l,h,3,pk
mugilidae,chaenomugil_proboscideus,0.0078,3.032,1,w,b,m,h,4,hd
chaenopsidae,chaenopsis_alepidota_alepidota,0.0001,1,1,s,d,s,b,3,im
chaenopsidae,chaenopsis_coheni,0.0001,1,1,s,d,s,b,2,pk
chaenopsidae,chaenopsis_deltarrhis,0.0001,1,1,s,d,s,b,2,pk
chaenopsidae,chaenopsis_schmitti,0.0001,1,1,s,d,s,b,2,pk
ephippidae,chaetodipterus_lippei,0.043196319,2.968,1,w,d,m,h,4,om
ephippidae,chaetodipterus_zonatus,0.043196319,2.968,1,w,d,f,h,5,om
chaetodontidae,chaetodon_auriga,2.11E-05,3.076,10,s,d,p,b,4,im
chaetodontidae,chaetodon_hoefleri,2.11E-05,3.076,10,s,d,p,l,4,im
chaetodontidae,chaetodon_humeralis,0.000033,2.9838,10,s,d,p,b,4,is
chaetodontidae,chaetodon_kleinii,2.11E-05,3.076,1,s,d,p,l,3,im
chaetodontidae,chaetodon_lunula,2.11E-05,3.076,1,s,b,p,l,4,is
chaetodontidae,chaetodon_meyeri,2.11E-05,3.076,10,s,d,p,b,3,im
chaetodontidae,chaetodon_ocellatus,0.000033,2.9838,10,s,d,p,l,4,im
chaetodontidae,chaetodon_robustus,0.0000211,3.076,10,s,d,p,l,3,im
chaetodontidae,chaetodon_sanctaehelenae,0.0001,1.083,10,s,d,p,l,3,im
chaetodontidae,chaetodon_sedentarius,0.0000211,3.076,10,s,d,p,l,3,im
chaetodontidae,chaetodon_striatus,0.029,2.98,1,s,d,p,l,3,is
chaetodontidae,chaetodon_unimaculatus,2.11E-05,3.076,10,s,d,p,b,3,is
muraenidae,channomuraena_vittata,0.0007,3.24,1,s,n,s,b,6,fc
sciaenidae,cheilotrema_saturnum,0.013,3.106,0.9333,w,b,f,b,5,im
triglidae,chelidonichthys_obscurus,0.0048,3.185,1,m,n,s,l,4,im
mugilidae,chelon_bispinosus,0.0108,2.948,1,w,d,m,h,3,hd
diodontidae,chilomycterus_antennatus,0.254005337,2.38,1,s,d,s,l,4,im
diodontidae,chilomycterus_antillarum,0.254005337,2.38,1,s,d,s,l,4,im
diodontidae,chilomycterus_atringa,0.254005337,2.38,1,s,d,s,l,5,im
diodontidae,chilomycterus_reticulatus,0.254005337,2.38,1,m,b,s,b,5,im
diodontidae,chilomycterus_spinosus_mauretanicus,0.254005337,2.38,1,s,d,s,l,4,im
diodontidae,chilomycterus_spinosus_spinosus,0.254005337,2.38,1,s,d,s,l,4,im
chlopsidae,chilorhinus_suensonii,0.0001,1,1,s,d,s,l,3,im
carangidae,chloroscombrus_chrysurus,0.007828378,3.109,1,w,d,l,h,5,pk
gobiidae,chriolepis_cuneata,0.0093,3.03,1,s,d,s,b,1,im
gobiidae,chriolepis_dialepta,0.0093,3.03,1,s,d,s,b,2,im
gobiidae,chriolepis_lepidota,0.0093,3.03,1,s,d,s,b,1,im
gobiidae,chriolepis_minutillus,0.0093,3.03,1,s,d,s,b,1,im
gobiidae,chriolepis_tagus,0.0093,3.03,1,s,d,s,b,1,im
gobiidae,chriolepis_zebra,0.0093,3.03,1,s,d,s,b,1,im
pomacentridae,chromis_alta,0.0142,3.058,1,s,d,l,h,2,pk
pomacentridae,chromis_atrilobata,0.0052,3.4166,1,s,d,m,h,2,pk
pomacentridae,chromis_cadenati,0.0052,3.4166,1,m,d,m,h,2,pk
pomacentridae,chromis_chromis,0.0052,3.4166,1,m,d,l,h,3,pk
pomacentridae,chromis_cyanea,0.0052,3.4166,1,m,d,m,h,2,pk
pomacentridae,chromis_enchrysura,0.0052,3.4166,1,s,d,l,l,2,pk
pomacentridae,chromis_flavicauda,0.0052,3.4166,1,s,d,m,l,2,pk
pomacentridae,chromis_jubauna,0.0052,3.4166,1,s,d,m,l,2,pk
pomacentridae,chromis_limbata,0.0142,3.058,1,m,d,l,h,3,pk
pomacentridae,chromis_limbaughi,0.016,3.0423,1,s,d,m,h,2,pk
pomacentridae,chromis_lubbocki,0.0052,3.4166,1,m,d,l,h,2,pk
pomacentridae,chromis_multilineata,0.0052,3.4166,1,m,d,l,h,3,pk
pomacentridae,chromis_sanctaehelenae,0.0052,3.4166,1,m,d,l,h,2,pk
pomacentridae,chromis_scotti,0.0142,3.058,1,s,d,f,l,2,pk
gobiidae,chromogobius_britoi,0.0001,1,1,s,d,s,b,1,im
cirrhitidae,cirrhitichthys_oxycephalus,0.0138,3.1175,1,s,d,s,b,2,im
cirrhitidae,cirrhitus_atlanticus,0.000000962,3.4266,10,s,d,s,b,3,im
cirrhitidae,cirrhitus_rivulatus,0.0276,3,1,m,d,s,b,5,im
chaenopsidae,cirriemblemaria_lucasana,0.0001,1,1,s,d,s,b,1,pk
blenniidae,cirripectes_variolosus,0.0001,1.286,1,s,d,s,b,2,hd
microdesmidae,clarkichthys_bilineatus,0.0001,1,1,s,d,s,b,2,im
labridae,clepticus_africanus,0.0446,2.76,1,m,d,m,h,3,pk
labridae,clepticus_brasiliensis,0.0446,2.76,1,m,d,m,h,3,pk
gobiidae,clevelandia_ios,0.0001,0.847,1,s,n,s,b,1,om
congridae,conger_conger,6.00E-04,3.016,1,s,d,s,b,6,fc
congridae,conger_orbignianus,6.00E-04,3.016,1,s,d,s,b,6,fc
priacanthidae,cookeolus_japonicus,0.0143,3,1,m,n,f,l,4,im
chaenopsidae,coralliozetus_angelicus,0.0001,1,1,s,d,s,b,1,im
chaenopsidae,coralliozetus_boehlkei,0.0001,1,1,s,d,s,b,1,im
chaenopsidae,coralliozetus_micropes,0.0001,1,1,s,d,s,b,1,im
chaenopsidae,coralliozetus_rosenblatti,0.0001,1,1,s,d,s,b,1,pk
chaenopsidae,coralliozetus_springeri,0.0001,1,1,s,d,s,b,1,pk
gobiidae,corcyrogobius_lubbocki,0.0001,1,1,s,d,s,b,1,im
labridae,coris_atlantica,0.0058,3.175,1,m,d,f,l,1,im
labridae,coris_julis,0.00685,3.031,1,m,d,f,l,4,im
holocentridae,corniger_spinosus,0.0001,1.157,1,s,b,s,l,4,im
sciaenidae,corvula_macrops,0.0095,3.16,0.976,w,b,f,l,4,pk
blenniidae,coryphoblennius_galerita,0.0112,2.9792,1,s,d,s,b,2,im
gobiidae,coryphopterus_dicrus,0.0093,3.03,1,s,d,f,b,2,im
gobiidae,coryphopterus_eidolon,0.0093,3.03,1,s,d,f,b,2,im
gobiidae,coryphopterus_glaucofraenum,0.0093,3.03,1,s,d,f,b,2,im
gobiidae,coryphopterus_thrix,0.0093,3.03,1,s,d,f,b,1,im
gobiidae,coryphopterus_urospilus,0.0062,3.3142,1,s,d,s,b,2,im
syngnathidae,cosmocampus_albirostris,0.0003,3.156,1,s,d,s,b,4,im
syngnathidae,cosmocampus_arctus_arctus,3.00E-04,3.156,1,s,d,s,b,2,im
labrisomidae,cottoclinus_canops,0.0001,1,1,s,d,s,b,1,im
tripterygiidae,crocodilichthys_gracilis,0.00851,2860,972,s,d,s,b,2,im
labridae_scarini,cryptotomus_roseus,0.0078,3.2752,1,m,d,f,l,3,hd
acanthuridae,ctenochaetus_marginatus,0.785,2.984,0.965250965,s,d,f,b,4,hd
gobiidae,ctenogobius_saepepallens,0.0081,2.97,1,s,d,s,b,2,om
diodontidae,cyclichthys_spilostylus,0.0001,1.233,1,m,b,s,b,4,im
dactylopteridae,dactylopterus_volitans,0.0851,2.424,1,s,b,s,b,5,im
dactyloscopidae,dactyloscopus_crossotus,0.0001,1,1,s,d,s,b,2,im
dactyloscopidae,dactyloscopus_foraminosus,0.0001,1,1,s,d,s,b,2,im
dactyloscopidae,dactyloscopus_pectoralis,0.0001,1,1,m,b,s,b,2,im
dactyloscopidae,dactyloscopus_tridigitatus,0.0001,1,1,s,d,s,b,2,im
batrachoididae,daector_reticulata,2.13E-06,3.314,1,m,n,s,b,4,im
batrachoididae,daector_schmitti,2.13E-06,3.314,1,m,n,s,b,3,im
carangidae,decapterus_macrosoma,0.0078,3.14,1,w,n,m,h,4,pk
labridae,decodon_melasma,0.00001,1.1174,1,m,d,s,b,4,im
sparidae,dentex_angolensis,0.0134,3.172,1,m,d,f,l,4,im
sparidae,dentex_barnardi,0.0134,3.172,1,m,d,f,l,5,im
sparidae,dentex_canariensis,0.0134,3.172,1,m,d,f,l,6,fc
sparidae,dentex_dentex,0.0134,3.172,1,m,d,f,l,6,fc
sparidae,dentex_gibbosus,0.0134,3.172,1,m,d,f,l,6,im
sparidae,dentex_macrophthalmus,0.0134,3.172,1,m,d,f,l,5,im
sparidae,dentex_maroccanus,0.0134,3.172,1,m,d,f,l,5,im
epinephelidae,dermatolepis_dermatolepis,0.0015,3.551,1,m,d,l,l,6,fc
epinephelidae,dermatolepis_inermis,0.0015,3.551,1,m,d,s,l,6,fc
labrisomidae,dialommus_fuscus,0.0122,2.95,1,s,d,s,b,3,im
labrisomidae,dialommus_macrocephalus,0.0122,2.95,1,s,d,s,b,3,im
gobiidae,didogobius_amicuscaridis,0.0109,3.09,1,s,d,s,b,1,im
gobiidae,didogobius_kochi,0.0093,3.03,1,s,d,s,b,2,im
gobiidae,didogobius_wirtzi,0.0093,3.03,1,s,d,f,b,1,im
diodontidae,diodon_eydouxii,0.254005337,2.38,1,m,b,s,b,4,im
diodontidae,diodon_holocanthus,0.000638557,2.3979,10,m,b,s,b,4,im
diodontidae,diodon_hystrix,0.002819681,2.2763,10,m,b,s,b,5,im
gobiesocidae,diplecogaster_bimaculata_bimaculata,0.0001,0.836,1,s,d,s,b,2,im
gobiesocidae,diplecogaster_bimaculata_pectoralis,0.0001,0.836,1,s,d,s,b,1,im
gobiesocidae,diplecogaster_ctenocrypta,0.0001,0.836,1,s,d,s,b,1,im
serranidae,diplectrum_bivittatum,0.010684085,3.067,1,m,d,s,b,4,im
serranidae,diplectrum_formosum,0.010684085,3.067,1,m,d,s,b,4,im
serranidae,diplectrum_radiale,0.010684085,3.067,1,m,d,s,b,4,im
sparidae,diplodus_annularis,0.0111,3.181,1,m,d,f,l,4,im
sparidae,diplodus_argenteus_argenteus,0.0111,3.181,1,m,d,f,l,4,om
sparidae,diplodus_bellottii,0.0111,3.181,1,m,d,f,l,4,im
sparidae,diplodus_fasciatus,0.059,2.7,1,m,d,f,l,5,im
sparidae,diplodus_prayensis,0.0813,2.59,1,m,d,f,l,4,im
sparidae,diplodus_puntazzo,0.0111,3.181,1,m,d,f,l,5,om
sparidae,diplodus_sargus_ascensionis,0.0111,3.181,1,m,d,f,l,3,om
sparidae,diplodus_sargus_cadenati,0.0111,3.181,1,m,d,f,l,5,im
sparidae,diplodus_sargus_helenae,0.0111,3.181,1,m,d,f,l,4,om
sparidae,diplodus_sargus_lineatus,0.0111,3.181,1,m,d,f,l,4,im
sparidae,diplodus_sargus_sargus,0.0111,3.181,1,m,d,f,l,5,im
sparidae,diplodus_vulgaris,0.0111,3.181,1,m,d,f,l,5,im
sparidae,diploduscervinus_cervinus,0.01,3.17,1,m,d,f,l,5,im
labridae,doratonotus_megalepis,0.0058,3.175,1,m,d,s,l,2,im
syngnathidae,doryrhamphus_excisus_excisus,3.00E-04,3.156,1,s,d,s,b,2,im
echeneidae,echeneis_naucrates,0.00075,3.358,0.964,w,b,s,h,6,im
muraenidae,echidna_catenata,0.0003,3.352,1,s,b,s,b,6,im
muraenidae,echidna_nebulosa,3.00E-04,3.352,1,s,n,s,b,5,im
muraenidae,echidna_nocturna,3.00E-04,3.352,1,s,n,s,b,5,im
muraenidae,echidna_peli,3.00E-04,3.352,1,s,b,s,b,6,im
chaenopsidae,ekemblemaria_lira,8.41E-06,2.9625,1,s,d,s,b,2,im
chaenopsidae,ekemblemaria_myersi,8.41E-06,2.9625,1,s,d,s,b,2,im
gobiidae,tigrigobius_digueti,5.83E-06,3.137,1,s,d,s,b,1,im
gobiidae,elacatinus_figaro,0.00000583,3.137,10,s,d,f,b,1,im
gobiidae,tigrigobius_inornatus,5.83E-06,3.137,1,s,d,s,b,1,im
gobiidae,tigrigobius_janssi,5.83E-06,3.137,1,s,d,s,b,1,im
gobiidae,tigrigobius_limbaughi,5.83E-06,3.137,1,s,d,s,b,1,im
gobiidae,tigrigobius_nesiotes,5.83E-06,3.137,1,s,d,s,b,1,im
gobiidae,elacatinus_phthirophagus,0.00000583,3.137,10,s,d,f,b,1,im
gobiidae,elacatinus_pridisi,0.00000583,3.137,10,s,d,f,b,1,im
gobiidae,elacatinus_puncticulatus,0.0092,3.0175,1,s,d,s,b,1,im
carangidae,elagatis_bipinnulata,0.0135,2.92,1,w,b,m,h,6,fc
gobiidae,eleotrica_cableae,0.0093,3.03,1,s,d,s,b,2,im
chaenopsidae,emblemaria_australis,8.41E-06,2.9625,1,s,d,s,b,1,im
chaenopsidae,emblemaria_hypacanthus,8.41E-06,2.9625,1,s,d,s,b,2,im
chaenopsidae,emblemaria_nivipes,8.41E-06,2.9625,1,s,d,s,b,1,pk
chaenopsidae,emblemaria_piratica,8.41E-06,2.9625,1,s,d,s,b,1,pk
chaenopsidae,emblemaria_walkeri,8.41E-06,2.9625,1,s,d,s,b,2,pk
chaenopsidae,emblemariopsis_signifera,8.41E-06,2.9625,1,s,d,s,b,1,im
carapidae,encheliophis_vermicularis,0.0001,1.03,1,s,n,s,b,3,im
muraenidae,enchelycore_anatina,0.00173,3,1,s,b,s,b,6,im
muraenidae,enchelycore_carychroa,0.00173,3,1,s,b,s,b,4,im
muraenidae,enchelycore_lichenosa,0.00173,3,1,s,n,s,b,6,fc
muraenidae,enchelycore_nigricans,0.00173,3,1,s,b,s,b,6,im
muraenidae,enchelycore_octaviana,0.00173,3,1,s,n,s,b,6,im
muraenidae,enchelynassa_canina,0.00173,3,1,s,n,s,b,6,fc
syngnathidae,enneacampus_ansorgii,3.00E-04,3.156,1,s,d,s,b,3,im
tripterygiidae,enneanectes_altivelis,9.53E-06,2.9895,10,s,d,s,b,1,im
tripterygiidae,enneanectes_carminalis,9.53E-06,2.9895,10,s,b,s,b,1,im
tripterygiidae,enneanectes_reticulatus,9.53E-06,2.9895,10,s,d,s,b,1,im
tripterygiidae,enneanectes_smithi,9.53E-06,2.9895,10,s,d,s,b,1,im
blenniidae,entomacrodus_cadenati,0.0081,3.27,1,s,d,s,b,2,hd
blenniidae,entomacrodus_chiostictus,0.0081,3.27,1,s,d,s,b,2,hd
blenniidae,entomacrodus_spp,0.0081,3.27,1,s,d,s,b,2,hd
blenniidae,entomacrodus_textilis,0.0081,3.27,1,s,d,s,b,2,hd
blenniidae,entomacrodus_vomerinus,0.0081,3.27,1,s,d,s,b,2,hd
tetraodontidae,ephippion_guttifer,0.0164,3,1,m,d,s,l,6,im
epinephelidae,epinephelus_acanthistius,1.13E-05,3.035,1,m,n,s,b,6,fc
epinephelidae,epinephelus_adscensionis,0.0125,3.224,0.797448166,m,d,s,b,5,fc
epinephelidae,epinephelus_aeneus,1.13E-05,3.035,1,m,d,s,b,6,fc
epinephelidae,epinephelus_analogus,1.13E-05,3.035,1,m,n,s,b,6,fc
epinephelidae,epinephelus_caninus,1.13E-05,3.035,1,m,d,s,b,6,fc
epinephelidae,epinephelus_cifuentesi,1.13E-05,3.035,1,m,n,s,b,6,fc
epinephelidae,epinephelus_clippertonensis,1.13E-05,3.035,1,m,n,s,b,5,fc
epinephelidae,epinephelus_costae,1.13E-05,3.035,1,m,d,s,b,6,fc
epinephelidae,epinephelus_exsul,1.13E-05,3.035,1,m,n,s,b,6,fc
epinephelidae,epinephelus_flavolimbatus,1.13E-05,3.035,10,m,d,s,b,6,fc
epinephelidae,epinephelus_guttatus,0.00000855,3.1124,10,m,d,s,b,5,fc
epinephelidae,epinephelus_itajara,0.0000131,3.056,10,m,n,s,b,6,fc
epinephelidae,epinephelus_quinquefasciatus,0.0000131,3.056,10,m,n,s,b,6,fc
epinephelidae,epinephelus_labriformis,0.0000113,3.035,10,m,n,s,b,5,fc
epinephelidae,epinephelus_marginatus,0.000009,3.1149,10,m,d,s,b,6,fc
epinephelidae,epinephelus_morio,0.0000113,3.035,10,m,d,s,b,6,fc
epinephelidae,hyporthodus_mystacinus,0.0259,2.867,1,s,d,s,l,6,fc
epinephelidae,epinephelus_nigritus,1.13E-05,3.035,10,m,d,s,b,6,fc
epinephelidae,epinephelus_niphobles,1.13E-05,3.035,10,m,n,s,b,5,fc
epinephelidae,hyporthodus_niveatus,0.0259,2.867,1,m,d,s,b,6,im
sciaenidae,equetus_lanceolatus,0.000000156,3.8444,10,s,b,f,l,4,im
sciaenidae,equetus_punctatus,0.000000156,3.8444,10,s,b,f,l,4,im
gerreidae,eucinostomus_argenteus,0.008066787,3.175,1,m,d,l,l,4,im
gerreidae,eucinostomus_melanopterus,0.010769901,3.042,1,m,b,l,l,4,im
scombridae,euthynnus_alletteratus,0.0065,3.153,1,w,d,l,h,6,fc
labrisomidae,exerpes_asper,0.00703,2.921,0.97,s,d,s,b,2,im
fistulariidae,fistularia_commersonii,0.00529,2.59,1,w,d,f,h,6,fc
fistulariidae,fistularia_corneta,0.017,1.855,0.693,w,b,f,l,6,pk
fistulariidae,fistularia_petimba,0.00529,2.59,1,w,b,f,l,6,fc
fistulariidae,fistularia_tabacaria,0.00529,2.59,1,m,d,s,l,6,fc
chaetodontidae,forcipiger_flavissimus,0.0258,2.969,1,s,d,p,b,4,im
trachichthyidae,gephyroberyx_darwinii,0.008,3.297,0.982,m,b,f,l,5,im
gerreidae,gerres_cinereus,0.0158,2.9092,1,m,d,l,l,5,im
gerreidae,gerres_nigri,0.0309,2.686,1,m,b,l,l,4,im
dactyloscopidae,gillellus_chathamensis,0.0001,1,1,m,d,s,b,1,im
dactyloscopidae,gillellus_greyae,0.0001,1,1,s,d,s,b,2,im
dactyloscopidae,gillellus_healae,0.0001,1,1,s,d,s,b,2,im
kyphosidae,girella_freminvillii,0.0227,2.983,1,w,d,m,b,5,hm
kyphosidae,girella_nigricans,0.0227,2.983,1,w,d,m,b,5,hd
kyphosidae,girella_simplicidens,0.0227,2.983,1,w,d,m,b,5,hm
kyphosidae,girella_stuebeli,0.0227,2.983,1,m,d,m,l,4,hm
kyphosidae,girella_zonata,0.0227,2.983,1,m,d,m,l,4,hm
carangidae,gnathanodon_speciosus,0.039,2.84,1,w,b,m,h,6,fc
gobiidae,gnatholepis_thompsoni,0.000000602,3.7669,10,s,d,f,b,2,om
gobiesocidae,gobiesox_adustus,0.00001,1,1,s,d,s,b,1,im
gobiesocidae,gobiesox_aethus,0.00001,1,1,s,d,s,b,1,im
gobiesocidae,gobiesox_barbatulus,0.00001,1,1,s,d,s,b,2,im
gobiesocidae,gobiesox_canidens,0.00001,1,1,s,d,s,b,1,im
gobiesocidae,gobiesox_crassicorpus,0.00001,1,1,s,d,s,b,1,im
gobiesocidae,gobiesox_daedaleus,0.00001,1,1,s,d,s,b,2,im
gobiesocidae,gobiesox_marijeanae,0.00001,1,1,s,d,s,b,2,im
gobiesocidae,gobiesox_milleri,0.00001,1,1,s,d,s,b,1,im
gobiesocidae,gobiesox_multitentaculus,0.00001,1,1,s,d,s,b,2,im
gobiesocidae,gobiesox_papillifer,0.00001,1,1,s,d,s,b,2,im
gobiesocidae,gobiesox_pinniger,0.00001,1,1,s,d,s,b,3,im
gobiesocidae,gobiesox_punctulatus,0.00001,1,1,s,d,s,b,2,im
gobiesocidae,gobiesox_schultzi,0.00001,1,1,s,d,s,b,2,im
gobiesocidae,gobiesox_stenocephalus,0.00001,1,1,s,d,s,b,1,im
gobiesocidae,gobiesox_woodsi,0.00001,1,1,s,d,s,b,1,im
gobiidae,gobioides_africanus,0.0093,3.03,1,s,b,f,b,3,im
gobiidae,gobioides_sagitta,0.0093,3.03,1,s,b,f,b,5,im
gobiidae,gobionellus_occidentalis,0.0093,3.03,1,s,b,f,b,3,im
cyprinidae,gobiosoma_chiquita,0.0001,1,1,s,d,s,b,2,im
cyprinidae,gobiosoma_hemigymnum,0.0001,1,1,s,d,s,b,1,im
cyprinidae,gobiosoma_nudum,0.0001,1,1,s,d,s,b,1,im
cyprinidae,gobiosoma_paradoxum,0.0001,1,1,s,d,s,b,1,im
cyprinidae,gobiosoma_spilotum,0.0001,1,1,s,d,s,b,1,im
gobiidae,gobius_ateriformis,0.0109,3.09,1,s,d,s,b,2,im
gobiidae,gobius_cruentatus,0.0109,3.09,1,s,d,s,b,3,im
gobiidae,gobius_fallax,0.0109,3.09,1,s,d,s,b,2,im
gobiidae,gobius_gasteveni,0.0109,3.09,1,s,d,s,b,3,im
gobiidae,gobius_niger,0.0109,3.09,1,s,d,s,b,3,im
gobiidae,gobius_rubropunctatus,0.0109,3.09,1,s,d,f,b,2,im
gobiidae,gobius_senegambiensis,0.0109,3.09,1,s,d,f,b,2,im
gobiidae,gobius_tetrophthalmus,0.0109,3.09,1,s,d,s,b,2,im
gobiidae,gobius_xanthocephalus,0.0109,3.09,1,s,d,s,b,3,im
gobiidae,gobulus_crescentalis,0.0093,3.03,1,s,d,s,b,2,im
gobiidae,gobulus_hancocki,0.0093,3.03,1,s,d,s,b,1,im
gobiidae,gobulus_myersi,0.0093,3.03,1,s,d,s,b,3,im
serranidae,gonioplectrus_hispanus,7.21E-06,3.1818,10,m,d,s,b,3,im
congridae,gorgasia_punctata,9.53E-06,2.9895,10,s,d,m,b,5,pk
gobiidae,gorogobius_nigricinctus,0.0109,3.09,1,s,d,f,b,1,im
grammatidae,gramma_brasiliensis,0.0096,3.167,0.985221675,s,d,f,b,2,im
bythitidae,grammonus_diagrammus,0.0001,1,1,s,n,s,b,4,im
bythitidae,grammonus_longhursti,0.0001,1,1,s,b,s,b,3,im
tetraodontidae,guentheridia_formosa,0.0634,2.756,1,m,b,s,l,3,om
gobiidae,gymneleotris_seminuda,5.83E-06,3.137,1,s,d,s,b,2,im
muraenidae,gymnomuraena_zebra,0.0007,3.2179,1,s,n,s,b,6,fc
muraenidae,gymnothorax_afer,7.00E-04,3.2179,0.99,s,b,s,b,6,fc
muraenidae,gymnothorax_angusticeps,7.00E-04,3.2179,0.99,s,n,s,b,5,fc
muraenidae,gymnothorax_bacalladoi,7.00E-04,3.2179,0.99,s,b,s,b,4,fc
muraenidae,gymnothorax_buroensis,0.0007,3.2179,1,s,n,s,b,4,im
muraenidae,gymnothorax_castaneus,0.0007,3.2179,1,s,n,s,b,6,fc
muraenidae,gymnothorax_dovii,0.0007,3.2179,1,s,n,s,b,6,fc
muraenidae,gymnothorax_flavimarginatus,0.0004,3.35,0.99,s,n,s,b,6,fc
muraenidae,gymnothorax_funebris,0.0007,3.24,1,s,b,s,b,6,fc
muraenidae,gymnothorax_javanicus,7.00E-04,3.2179,0.99,s,n,s,b,6,fc
muraenidae,gymnothorax_mareei,7.00E-04,3.2179,0.99,s,b,s,b,5,fc
muraenidae,gymnothorax_margaritophorus,7.00E-04,3.2179,0.99,s,n,s,b,5,fc
muraenidae,gymnothorax_meleagris,7.00E-04,3.2179,0.99,s,n,s,b,6,fc
muraenidae,gymnothorax_miliaris,0.0000292,2.574,10,s,b,s,b,5,im
muraenidae,gymnothorax_mordax,7.00E-04,3.2179,0.99,s,n,s,b,6,fc
muraenidae,gymnothorax_moringa,0.001,3.07,1,s,b,s,b,6,fc
muraenidae,gymnothorax_ocellatus,7.00E-04,3.2179,0.99,s,b,s,b,6,fc
muraenidae,gymnothorax_panamensis,0.0007,3.2179,1,s,n,s,b,5,im
muraenidae,gymnothorax_pictus,7.00E-04,3.2179,0.99,s,n,s,b,6,fc
muraenidae,gymnothorax_polygonius,7.00E-04,3.2179,0.99,s,b,s,b,6,fc
muraenidae,gymnothorax_undulatus,7.00E-04,3.2179,0.99,s,n,s,b,6,fc
muraenidae,gymnothorax_unicolor,7.00E-04,3.2179,0.99,s,b,s,b,6,fc
muraenidae,gymnothorax_vicinus,0.0005,3.24,1,s,b,s,b,6,fc
haemulidae,haemulon_album,0.0000152,3.0423,8.69565217,m,b,m,l,5,im
haemulidae,haemulon_aurolineatum,0.0101,3.0813,1,m,b,l,l,4,im
haemulidae,haemulon_bonariense,0.0106,3.18,1,m,b,m,l,5,im
haemulidae,haemulon_chrysargyreum,0.0106,3.0474,1,m,b,m,l,4,im
haemulidae,haemulon_flaviguttatum,0.0101,3.0813,1,w,n,l,b,5,im
haemulidae,haemulon_maculicauda,0.00000737,3.124,10,w,n,m,b,4,im
haemulidae,haemulon_melanurum,0.0000152,3.0423,8.695652174,m,b,m,l,4,im
haemulidae,haemulon_parra,0.0106,3.18,1,m,b,m,l,5,im
haemulidae,haemulon_plumierii,0.0335,2.772,1,m,b,m,l,5,im
haemulidae,haemulon_sciurus,0.0139,3.0742,1,m,b,m,l,5,im
haemulidae,haemulon_scudderii,7.37E-06,3.124,10,w,n,m,b,4,im
haemulidae,haemulon_sexfasciatum,0.00000737,3.124,10,w,n,m,b,5,im
haemulidae,haemulon_squamipinna,0.0101,3.0813,1,m,b,l,l,3,im
haemulidae,haemulon_steindachneri,0.00000737,3.124,10,w,n,m,b,4,im
haemulidae,haemulon_striatum,0.0335,2.772,1,m,b,m,l,4,im
labridae,halichoeres_adustus,0.016,2.987,1,s,d,f,b,3,im
labridae,halichoeres_bivittatus,0.0105,3.0933,1,m,d,s,l,4,im
labridae,halichoeres_brasiliensis,0.007,3.39,1,m,d,s,l,1,im
labridae,halichoeres_chierchiae,0.016,2.987,1,s,d,f,b,3,im
labridae,halichoeres_dimidiatus,0.007,3.39,1,m,d,s,l,1,im
labridae,halichoeres_discolor,0.016,2.987,1,s,d,f,b,3,im
labridae,halichoeres_dispilus,0.016,2.987,1,s,d,f,b,4,im
labridae,halichoeres_insularis,0.0093,3.07,1,s,d,f,b,2,im
labridae,halichoeres_malpelo,0.016,2.987,1,s,d,f,b,3,im
labridae,halichoeres_melanotis,0.016,2.987,1,s,d,f,b,3,im
labridae,halichoeres_nicholsi,0.016,2.987,1,s,d,f,b,4,im
labridae,halichoeres_notospilus,0.016,2.987,1,s,d,f,b,4,im
labridae,halichoeres_penrosei,0.0105,3.0933,1,m,d,s,l,2,im
labridae,halichoeres_poeyi,0.0093,3.07,1,m,d,s,l,4,im
labridae,halichoeres_radiatus,0.007,3.39,1,m,d,s,l,5,im
labridae,halichoeres_salmofasciatus,0.016,2.987,1,s,d,f,b,2,im
labridae,halichoeres_sazimai,0.0105,3.0933,1,m,d,s,l,4,im
labridae,halichoeres_semicinctus,0.016,2.987,1,s,d,f,b,4,im
batrachoididae,halobatrachus_didactylus,0.0083,3.266,0.999,s,n,s,b,5,im
tripterygiidae,helcogramma_ascensionis,9.53E-06,2.9895,10,s,d,s,b,1,im
tripterygiidae,helcogramma_obtusirostre,9.53E-06,2.9895,10,s,d,s,b,1,im
serranidae,hemanthias_peruanus,0.0189,3.01,1,m,d,m,l,5,pk
serranidae,hemanthias_signifer,0.0189,3.01,1,m,b,m,l,5,pk
serranidae,hemilutjanus_macrophthalmos,0.0269,2.828,0.89,m,b,f,l,5,im
hemiramphidae,hemiramphus_brasiliensis,0.0017,3.1717,1,m,b,m,h,5,om
kyphosidae,kyphosus_azureus,1.45E-05,3.0801,1,w,d,m,b,5,hd
congridae,heteroconger_camelopardalis,9.53E-06,2.9895,10,s,d,l,b,1,pk
congridae,heteroconger_digueti,9.53E-06,2.9895,10,s,d,m,b,5,pk
congridae,heteroconger_klausewitzi,0.00000953,2.9895,10,s,d,m,b,5,pk
congridae,heteroconger_longissimus,9.53E-06,2.9895,10,s,d,l,b,5,pk
congridae,heteroconger_pellegrini,9.53E-06,2.9895,10,s,d,m,b,5,pk
priacanthidae,heteropriacanthus_cruentatus,0.021943202,1.7495,10,m,n,f,l,5,im
syngnathidae,hippocampus_algiricus,3.00E-04,3.156,1,s,d,s,b,3,im
syngnathidae,hippocampus_erectus,3.00E-04,3.156,1,s,d,s,b,3,im
syngnathidae,hippocampus_guttulatus,3.00E-04,3.156,1,s,d,s,b,3,im
syngnathidae,hippocampus_hippocampus,3.00E-04,3.156,1,s,d,s,b,3,im
syngnathidae,hippocampus_ingens,3.00E-04,3.156,1,s,d,s,b,4,im
syngnathidae,hippocampus_reidi,0.0003,3.156,1,s,d,s,b,3,im
antennariidae,histrio_histrio,0.0236,3.293,1,s,n,s,b,3,fc
pomacanthidae,holacanthus_africanus,0.0000424,2.8577,10,m,d,s,l,5,is
pomacanthidae,holacanthus_ciliaris,0.0000424,2.8577,10,m,d,s,l,5,is
pomacanthidae,holacanthus_clarionensis,0.0271,2.8577,1,m,d,f,b,4,im
pomacanthidae,holacanthus_limbaughi,0.0271,2.8577,1,m,d,s,b,4,im
pomacanthidae,holacanthus_passer,0.0271,2.8577,1,m,d,s,b,4,is
pomacanthidae,holacanthus_tricolor,0.0000594,2.8577,10,m,d,s,l,4,is
serranidae,holanthias_caudalis,0.0079,3.4496,1,m,n,s,b,3,fc
serranidae,holanthias_fronticinctus,0.0079,3.4496,1,m,n,s,b,3,fc
holocentridae,holocentrus_adscensionis,0.0079,3.076,1,s,b,s,l,5,im
holocentridae,holocentrus_rufus,0.0256,2.6394,1,s,b,s,l,4,im
lutjanidae,hoplopagrus_guentherii,0.0093,2.88,0.977517107,m,n,s,b,6,im
blenniidae,hypleurochilus_aequipinnis,1.14E-05,3.0332,1,s,d,s,b,2,hd
blenniidae,hypleurochilus_bananensis,1.14E-05,3.0332,1,s,d,s,b,3,hd
blenniidae,hypleurochilus_fissicornis,0.0000114,3.0332,10,s,d,s,b,2,hd
blenniidae,hypleurochilus_langi,1.14E-05,3.0332,1,s,d,s,b,2,hd
blenniidae,hypleurochilus_pseudoaequipinnis,0.0000114,3.0332,10,s,d,s,b,1,hd
blenniidae,hypsoblennius_brevipinnis,0.0112,2.9792,1,s,d,s,b,3,im
blenniidae,hypsoblennius_caulopus,0.0112,2.9792,1,s,d,s,b,2,om
blenniidae,hypsoblennius_gentilis,0.0112,2.9792,1,s,d,s,b,3,im
blenniidae,hypsoblennius_invemar,0.0112,2.9792,1,s,d,s,b,2,om
blenniidae,hypsoblennius_jenkinsi,0.0112,2.9792,1,s,d,s,b,3,om
blenniidae,hypsoblennius_paytensis,0.0112,2.9792,1,s,d,s,b,3,om
blenniidae,hypsoblennius_proteus,0.0112,2.9792,1,s,d,s,b,1,om
blenniidae,hypsoblennius_striatus,0.0112,2.9792,1,s,d,s,b,2,om
pomacentridae,hypsypops_rubicundus,0.0246,2.85,1,s,d,f,b,4,im
ophichthidae,ichthyapus_insularis,2.00E-04,3.15,1,m,d,s,b,5,fc
ophichthidae,ichthyapus_ophioneus,2.00E-04,3.15,1,m,d,s,b,5,fc
labridae,iniistius_pavo,0.0092,3.111,1,m,d,s,b,4,im
chaetodontidae,johnrandallia_nigrirostris,0.000033,2.9838,10,m,d,m,b,4,im
chlopsidae,kaupichthys_hyoproroides,0.0001,1.231,1,s,n,s,b,4,im
kuhliidae,kuhlia_mugil,0.01058,3,1,w,b,m,l,4,im
kyphosidae,kyphosus_vaigiensis,0.0000145,3.0801,1,w,d,m,b,5,hm
kyphosidae,kyphosus_elegans,0.0000145,3.0801,1,w,d,l,b,5,hm
kyphosidae,kyphosus_incisor,1.45E-05,3.0801,1,w,d,m,h,6,hm
kyphosidae,kyphosus_lutescens,1.45E-05,3.0801,1,w,d,m,b,5,hd
kyphosidae,kyphosus_ocyurus,0.00001,0.852,1,w,d,m,l,5,hd
kyphosidae,kyphosus_sectatrix,0.0000145,3.0801,1,w,d,m,l,6,hm
labrisomidae,labrisomus_conditus,0.0122,2.95,1,s,d,s,b,3,im
labrisomidae,labrisomus_cricota,0.0084,3.2,1,s,d,s,b,2,im
labrisomidae,labrisomus_dendriticus,0.0091,3.1806,1,s,d,s,b,3,im
labrisomidae,labrisomus_gobio,0.0122,2.95,1,s,d,s,b,2,im
labrisomidae,labrisomus_jenkinsi,0.0122,2.95,1,s,d,s,b,3,im
labrisomidae,labrisomus_kalisherae,0.0084,3.2,1,s,d,s,b,2,im
labrisomidae,labrisomus_multiporosus,0.0122,2.95,1,s,d,s,b,3,im
labrisomidae,labrisomus_nuchipinnis,0.0084,3.2,1,s,d,s,b,4,im
labrisomidae,labrisomus_socorroensis,0.0122,2.95,1,s,d,s,b,3,im
labrisomidae,labrisomus_striatus,0.0122,2.95,1,s,d,s,b,2,im
labrisomidae,labrisomus_xanti,0.0091,3.1806,1,s,d,s,b,3,im
labridae,labrus_bergylta,0.0119,3.115,1,m,d,s,l,5,im
labridae,labrus_mixtus,0.0119,3.115,1,m,d,s,l,5,im
ostraciidae,lactophrys_bicaudalis,0.001824736,2.2302,10,m,d,s,l,5,im
ostraciidae,lactophrys_trigonus,0.001824736,2.2302,10,m,d,s,l,5,im
ostraciidae,lactophrys_triqueter,0.001824736,2.2302,10,m,d,s,l,5,im
ostraciidae,lactoria_diaphana,0.001824736,2.2302,10,m,b,s,b,4,im
labridae,lappanella_fasciata,0.001,1,1,m,d,s,l,3,im
gobiidae,lebetus_guilleti,5.83E-06,3.137,1,s,d,s,b,1,im
gobiidae,lebetus_scorpioides,5.83E-06,3.137,1,s,d,s,b,1,im
gobiesocidae,lepadogaster_candolii,0.0109,3.09,1,s,d,s,b,2,im
gobiesocidae,lepadogaster_lepadogaster,0.0109,3.09,1,s,d,s,b,2,im
gobiesocidae,lepadogaster_purpurea,0.0109,3.09,1,s,d,s,b,2,im
gobiesocidae,lepadogaster_zebrina,0.0109,3.09,1,s,d,s,b,2,im
tripterygiidae,lepidonectes_bimaculata,0.00000953,2.9895,10,s,d,s,b,1,im
tripterygiidae,lepidonectes_clarkhubbsi,9.53E-06,2.9895,10,s,d,s,b,1,im
tripterygiidae,lepidonectes_corallicola,9.53E-06,2.9895,10,s,b,s,b,2,im
gobiidae,lesueurigobius_friesii,5.83E-06,3.137,1,s,d,s,b,3,im
gobiidae,lesueurigobius_koumansi,5.83E-06,3.137,1,s,d,s,b,3,im
gobiidae,lesueurigobius_sanzi,5.83E-06,3.137,1,s,d,s,b,3,im
gobiidae,lesueurigobius_suerii,5.83E-06,3.137,1,s,d,s,b,2,im
lethrinidae,lethrinus_atlanticus,0.0165,3.043,1,m,d,s,l,5,im
serranidae,liopropoma_carmabi,0.0001,1.182,1,s,d,s,b,2,im
serranidae,liopropoma_fasciatum,0.0001,1.182,1,s,n,s,b,3,im
serranidae,liopropoma_longilepis,0.0001,1.182,1,m,n,s,l,3,im
blenniidae,lipophrys_caboverdensis,0.0149,2.943,1,s,d,s,b,1,im
blenniidae,lipophrys_pholis,0.0149,2.943,1,s,d,s,b,2,im
blenniidae,lipophrys_velifer,0.0149,2.943,1,s,d,s,b,1,im
lobotidae,lobotes_surinamensis,0.0428,2.84,1,s,n,s,b,6,fc
blenniidae,lupinoblennius_vinctus,0.0081,3.27,1,s,d,s,b,1,om
lutjanidae,lutjanus_vivanus,0.015859287,2.998,0.977517107,m,d,f,l,5,fc
lutjanidae,lutjanus_agennes,0.015859287,2.998,0.977517107,m,d,f,l,6,im
lutjanidae,lutjanus_analis,0.016342275,2.944,1,m,d,f,l,6,im
lutjanidae,lutjanus_apodus,0.0211,2.9261,1,m,d,f,l,5,im
lutjanidae,lutjanus_aratus,0.015859287,2.998,0.977517107,m,n,s,l,6,fc
lutjanidae,lutjanus_argentiventris,0.026,2.9,0.836820084,w,n,f,b,5,im
lutjanidae,lutjanus_buccanella,0.015859287,2.998,0.977517107,m,d,f,l,5,im
lutjanidae,lutjanus_colorado,0.015859287,2.998,0.977517107,w,n,s,b,6,im
lutjanidae,lutjanus_cyanopterus,0.0093,2.88,0.977517107,m,d,f,l,6,fc
lutjanidae,lutjanus_dentatus,0.015859287,2.998,0.977517107,m,d,f,l,6,fc
lutjanidae,lutjanus_endecacanthus,0.015859287,2.998,0.977517107,m,d,f,l,6,im
lutjanidae,lutjanus_fulgens,0.0035,3.5,1,m,d,f,l,5,im
lutjanidae,lutjanus_goreensis,0.0202,2.8928,1,m,d,f,l,6,im
lutjanidae,lutjanus_griseus,0.0202,2.8928,1,m,d,f,l,6,im
lutjanidae,lutjanus_guttatus,0.016342275,2.944,1,m,n,f,b,5,im
lutjanidae,lutjanus_inermis,0.0235,2.74,1,w,n,f,b,4,pk
lutjanidae,lutjanus_jocu,0.015859287,2.998,1,m,d,f,l,6,im
lutjanidae,lutjanus_jordani,0.0211,2.9261,1,w,n,f,b,5,fc
lutjanidae,lutjanus_novemfasciatus,0.0093,2.88,0.977517107,w,n,s,b,6,fc
lutjanidae,lutjanus_peru,0.015859287,2.998,0.977517107,w,n,l,l,6,fc
lutjanidae,lutjanus_purpureus,0.015859287,2.998,0.977517107,m,d,f,l,6,im
lutjanidae,lutjanus_synagris,0.014861222,2.994,1,m,d,f,l,5,im
lutjanidae,lutjanus_viridis,0.0211,2.9261,1,w,n,l,b,4,fc
gobiidae,lythrypnus_alphigena,0.00992,2.973,1,s,d,p,b,1,im
gobiidae,lythrypnus_brasiliensis,0.00992,2.973,1,s,d,s,b,1,im
gobiidae,lythrypnus_cobalus,0.00992,2.973,1,s,d,p,b,1,im
gobiidae,lythrypnus_dalli,0.00992,2.973,1,s,d,p,b,2,im
gobiidae,lythrypnus_gilberti,0.00992,2.973,1,s,d,p,b,1,im
gobiidae,lythrypnus_insularis,0.00992,2.973,1,s,d,s,b,1,im
gobiidae,lythrypnus_phorellus,0.00992,2.973,1,s,d,s,b,1,im
gobiidae,lythrypnus_pulchellus,0.00992,2.973,1,s,d,s,b,1,pk
gobiidae,lythrypnus_rhizophora,0.00992,2.973,1,s,d,p,b,1,im
gobiidae,lythrypnus_solanensis,0.00992,2.973,1,s,d,p,b,1,im
gobiidae,lythrypnus_zebra,0.00992,2.973,1,s,d,p,b,2,im
malacanthidae,malacanthus_brevirostris,0.0206,2.692,1,s,d,p,l,4,im
malacanthidae,malacanthus_plumieri,0.0206,2.692,1,s,d,s,l,5,im
labrisomidae,malacoctenus_africanus,0.0122,2.95,1,s,d,s,b,2,im
labrisomidae,malacoctenus_brunoi,0.0122,2.95,1,s,d,s,b,2,im
labrisomidae,malacoctenus_costaricanus,0.0122,2.95,1,s,d,s,b,2,im
labrisomidae,malacoctenus_delalandii,0.0122,2.95,1,s,d,s,b,2,im
labrisomidae,malacoctenus_ebisui,0.0122,2.95,1,s,d,s,b,2,im
labrisomidae,malacoctenus_gigas,0.0122,2.95,1,s,d,s,b,3,im
labrisomidae,malacoctenus_hubbsi,0.0122,2.95,1,s,d,s,b,2,im
labrisomidae,malacoctenus_margaritae,0.0122,2.95,1,s,d,s,b,2,im
labrisomidae,malacoctenus_tetranemus,0.0122,2.95,1,s,d,s,b,2,im
labrisomidae,malacoctenus_zonifer,0.0122,2.95,1,s,d,s,b,2,im
labrisomidae,malacoctenus_zonogaster,0.0122,2.95,1,s,d,s,b,2,im
gobiidae,mauligobius_maderensis,0.0093,3.03,1,s,d,s,b,2,im
gobiidae,mauligobius_nigri,0.0093,3.03,1,s,d,s,b,2,im
chaenopsidae,mccoskerichthys_sandae,8.41E-06,2.9625,10,s,d,s,b,2,pk
kyphosidae,medialuna_californiensis,1.45E-05,3.0801,9.51474786,w,d,m,b,5,hm
megalopidae,megalops_atlanticus,1.21E-08,2.9838,8.21,w,d,m,h,6,fc
atherinopsidae,melanorhinus_cyanellus,0.0002,3,1,w,b,m,h,3,pk
balistidae,melichthys_niger,0.0409,2.8249,1,w,d,m,h,4,pk
balistidae,melichthys_vidua,0.0058,3.554,1,w,d,m,h,4,pk
merlucciidae,merluccius_merluccius,0.00558,3.06,1,m,b,f,l,6,im
microdesmidae,microdesmus_aethiopicus,0.0001,1,1,s,d,s,l,2,im
microdesmidae,microdesmus_bahianus,0.0001,1,1,s,d,s,l,2,im
microdesmidae,microdesmus_longipinnis,0.0001,1,1,s,d,s,l,4,im
microdesmidae,microdesmus_retropinnis,0.0001,1,1,s,d,s,b,3,im
syngnathidae,micrognathus_crinitus,0.00122,3.139,1,s,d,s,b,3,im
syngnathidae,micrognathus_erugatus,0.00122,3.139,1,s,d,s,b,1,im
gobiidae,microgobius_carri,0.0109,3.09,1,s,d,s,b,2,im
haemulidae,microlepidotus_brevipinnis,0.0151,2.93,1,w,n,m,l,4,im
haemulidae,microlepidotus_inornatus,0.0151,2.93,1,w,n,m,l,4,im
syngnathidae,microphis_brachyurus_aculeatus,3.00E-04,3.156,1,s,d,s,b,3,im
pomacentridae,microspathodon_bairdii,0.0000198,3.0825,9.32835821,s,d,s,b,4,im
pomacentridae,microspathodon_chrysurus,0.0000198,3.0825,9.32835821,s,d,s,l,4,hd
pomacentridae,microspathodon_dorsalis,0.0000198,3.0825,9.32835821,s,d,s,b,4,im
pomacentridae,microspathodon_frontatus,0.0000198,3.0825,9.32835821,s,d,s,l,3,hd
syngnathidae,minyichthys_sentus,3.00E-04,3.156,1,s,d,s,b,2,im
monacanthidae,monacanthus_ciliatus,0.0256,2.916,1,m,d,s,l,4,im
soleidae,monochirus_hispidus,0.01439,3.16,1,m,d,m,l,3,im
muraenidae,monopenchelys_acuta,0.001,3.07,1,s,n,s,b,3,im
moringuidae,moringua_edwardsi,0.001,3.07,1,s,d,s,b,3,im
mugilidae,mugil_curema,0.0108,2.969,1,w,b,l,h,6,hd
mullidae,mulloidichthys_dentatus,0.000558727,2.3772,9.09090909,m,d,l,b,4,im
mullidae,mulloidichthys_martinicus,0.000558727,2.3772,9.09090909,m,d,m,l,4,im
mullidae,mulloidichthys_vanicolensis,0.000558727,2.3772,9.09090909,m,d,m,b,4,im
mullidae,mullus_argentinae,0.00296,3.534,1,m,d,m,l,4,im
mullidae,mullus_barbatus_barbatus,0.00296,3.534,1,m,d,m,l,4,im
mullidae,mullus_surmuletus,0.00296,3.534,1,m,d,m,l,5,im
muraenidae,muraena_argus,0.001,3.07,1,s,n,s,b,6,fc
muraenidae,muraena_augusti,0.001,3.07,1,s,b,s,b,1,im
muraenidae,muraena_clepsydra,0.001,3.07,1,s,n,s,b,6,fc
muraenidae,muraena_helena,0.00051,3.314,1,s,n,s,b,6,fc
muraenidae,muraena_lentiginosa,0.001,3.07,1,s,n,s,b,5,fc
muraenidae,muraena_melanotis,0.001,3.07,1,s,b,s,b,6,fc
muraenidae,muraena_pavonina,0.001,3.07,1,s,b,s,b,5,im
muraenidae,muraena_retifera,0.001,3.07,1,s,b,s,b,5,fc
muraenidae,muraena_robusta,0.001,3.07,1,s,b,s,b,6,fc
epinephelidae,mycteroperca_acutirostris,0.013,3.033,1,m,d,s,b,6,fc
epinephelidae,mycteroperca_bonaci,0.0069,3.153,1,m,d,s,b,6,fc
epinephelidae,mycteroperca_fusca,0.013,3.033,1,m,d,s,b,6,fc
epinephelidae,mycteroperca_interstitialis,0.0009,3.582,1,m,d,s,b,6,fc
epinephelidae,mycteroperca_jordani,0.01873,3,1,m,b,s,b,6,fc
epinephelidae,mycteroperca_microlepis,0.0263,2.95,1,m,d,s,b,6,fc
epinephelidae,mycteroperca_olfax,0.0061,3.2,1,m,b,s,b,6,im
epinephelidae,mycteroperca_prionura,0.0133,2.97,1,m,b,s,b,6,im
epinephelidae,mycteroperca_rosacea,0.0133,2.97,1,m,b,s,b,6,im
epinephelidae,mycteroperca_rubra,0.0166,3,1,m,d,s,b,6,fc
epinephelidae,mycteroperca_tigris,0.0094,3.12,1,m,d,s,b,6,fc
epinephelidae,mycteroperca_venenosa,0.0132,3.04,1,m,d,s,b,6,fc
epinephelidae,mycteroperca_xenarcha,0.018,3,1,m,b,s,b,6,im
ophichthidae,myrichthys_aspetocheiros,2.00E-04,3.15,1,m,n,s,b,5,im
ophichthidae,myrichthys_breviceps,0.0002,3.15,1,m,d,s,b,6,im
ophichthidae,myrichthys_ocellatus,0.0002,3.15,1,m,d,s,b,6,im
ophichthidae,myrichthys_pantostigmius,2.00E-04,3.15,1,m,n,s,b,5,im
ophichthidae,myrichthys_pardalis,0.0002,3.15,1,m,d,s,b,5,im
ophichthidae,myrichthys_tigrinus,0.0002,3.15,1,m,n,s,b,5,im
holocentridae,myripristis_berndti,0.0053,3.6134,1,m,n,f,l,4,pk
holocentridae,myripristis_clarionensis,2.00E-04,3.15,1,m,n,m,b,3,pk
holocentridae,myripristis_gildi,2.00E-04,3.15,1,m,n,m,b,4,pk
holocentridae,myripristis_jacobus,0.111,2.72,0.81300813,s,b,m,l,4,pk
holocentridae,myripristis_leiognathus,0.0053,3.6134,1,m,n,m,b,3,pk
myrocongridae,myroconger_nigrodentatus,9.53E-06,2.9895,1,m,b,s,b,4,im
acanthuridae,naso_annulatus,0.0513,2.715,0.978,w,d,m,h,6,pk
acanthuridae,naso_brevirostris,0.0513,2.715,0.978,w,d,l,l,5,om
acanthuridae,naso_hexacanthus,0.0513,2.715,0.978,w,d,l,h,5,im
acanthuridae,naso_lituratus,0.0513,2.715,0.978,m,d,f,b,4,hd
acanthuridae,naso_vlamingii,0.0513,2.715,0.978,w,d,f,l,5,pk
carangidae,naucrates_ductor,0.0147,3.04,1,w,b,f,h,5,fc
gobiidae,nematogobius_ansorgii,5.83E-06,3.137,10,s,d,s,b,1,im
gobiidae,nematogobius_brachynemus,5.83E-06,3.137,10,s,d,s,b,1,im
gobiidae,nematogobius_maindroni,5.83E-06,3.137,10,s,d,s,b,1,im
syngnathidae,nerophis_ophidion,3.00E-04,3.156,1,s,d,s,b,4,im
pomacentridae,nexilosus_latifrons,0.0075,3.35,0.87,s,d,f,b,4,om
labridae,nicholsina_denticulata,0.0179,3.0348,1,m,d,f,b,4,hd
labridae,nicholsina_usta_collettei,0.0179,3.0348,1,m,d,f,l,4,hd
labridae,nicholsina_usta_usta,0.0179,3.0348,1,m,d,f,l,4,hd
labridae,novaculichthys_taeniourus,0.007,3.39,1,m,d,s,b,4,im
sparidae,oblada_melanura,0.0088,3.123,1,m,d,m,h,4,pk
lutjanidae,ocyurus_chrysurus,0.0235,2.74,1,m,d,f,h,6,im
sciaenidae,odontoscion_dentex,0.0000103,3.0073,10,s,b,f,l,4,im
sciaenidae,odontoscion_eurymesops,1.03E-05,3.0073,10,w,b,l,l,4,pk
sciaenidae,odontoscion_xanthops,0.0000103,3.0073,10,w,b,l,l,4,pk
ogcocephalidae,ogcocephalus_darwini,0.0302,2.61,1,m,n,s,b,4,im
ogcocephalidae,ogcocephalus_declivirostris,0.0302,2.61,1,s,n,s,b,3,im
ogcocephalidae,ogcocephalus_notatus,0.0302,2.61,1,s,n,s,b,3,im
ogcocephalidae,ogcocephalus_porrectus,0.0302,2.61,1,m,n,s,b,3,im
ogcocephalidae,ogcocephalus_vespertilio,0.0302,2.61,1,s,n,s,b,4,im
bythitidae,ogilbia_cocoensis,0.0002,1.105,1,s,n,s,b,1,im
bythitidae,ogilbia_deroyi,0.0002,1.105,1,s,n,s,b,2,im
bythitidae,ogilbia_galapagosensis,0.0002,1.105,1,s,n,s,b,2,im
bythitidae,ogilbia_jewettae,0.0002,1.105,1,s,n,s,b,2,im
bythitidae,ogilbia_robertsoni,0.0002,1.105,1,s,n,s,b,2,im
bythitidae,ogilbia_sedorae,0.0002,1.105,1,s,n,s,b,2,im
bythitidae,ogilbia_ventralis,0.0002,1.105,1,s,n,s,b,2,im
carangidae,oligoplites_saurus,0.0184,2.66,1,w,b,m,h,4,fc
gobiesocidae,opeatogenys_cadenati,0.0109,3.09,1,s,d,s,b,1,im
ophichthidae,ophichthus_cylindroideus,0.0001,3.012,1,s,d,s,b,6,fc
ophichthidae,ophichthus_ophis,0.0001,3.012,1,s,d,s,b,6,fc
ophichthidae,ophichthus_regius,0.0001,3.012,1,s,d,s,b,6,fc
ophichthidae,ophichthus_rufus,0.0001,3.012,1,s,d,s,b,5,im
ophidiidae,ophidion_barbatum,0.0027,3.183,0.933,s,d,s,b,4,im
ophidiidae,ophidion_holbrookii,0.0027,3.183,0.933,s,d,s,b,4,im
ophidiidae,ophidion_lozanoi,0.0027,3.183,0.933,s,d,s,b,1,im
ophidiidae,ophidion_saldanhai,0.0027,3.183,0.933,s,d,s,b,3,im
blenniidae,ophioblennius_atlanticus,0.000135519,2.3791,10,s,d,s,b,3,hd
blenniidae,ophioblennius_steindachneri,0.0115,2.9332,1,s,d,s,b,3,hd
blenniidae,ophioblennius_trinitatis,0.000135519,2.3791,10,s,d,s,b,1,hd
opistognathidae,opistognathus_aurifrons,0.00000953,2.9895,10,s,d,s,b,3,pk
opistognathidae,opistognathus_brasiliensis,9.53E-06,2.9895,10,s,d,s,b,3,im
opistognathidae,opistognathus_cuvierii,9.53E-06,2.9895,10,s,d,s,b,3,im
opistognathidae,opistognathus_fenmutis,9.53E-06,2.9895,10,s,d,s,b,4,fc
opistognathidae,opistognathus_galapagensis,9.53E-06,2.9895,10,s,d,s,b,3,im
opistognathidae,opistognathus_lonchurus,9.53E-06,2.9895,10,s,d,s,b,3,im
opistognathidae,opistognathus_panamaensis,0.00000953,2.9895,10,s,d,s,b,3,pk
opistognathidae,opistognathus_punctatus,9.53E-06,2.9895,10,s,d,s,b,5,im
opistognathidae,opistognathus_rhomaleus,9.53E-06,2.9895,10,s,d,s,b,5,im
opistognathidae,opistognathus_rosenblatti,9.53E-06,2.9895,10,s,d,s,b,3,pk
opistognathidae,opistognathus_scops,9.53E-06,2.9895,10,s,d,s,b,3,im
opistognathidae,opistognathus_whitehursti,9.53E-06,2.9895,10,s,d,s,b,3,im
oplegnathidae,oplegnathus_insignis,0.0001,3,1,m,d,s,b,5,om
haemulidae,orthopristis_cantharinus,0.0265,2.748,1,w,n,f,b,4,im
haemulidae,orthopristis_forbesi,0.0265,2.748,1,w,n,f,b,4,im
haemulidae,orthopristis_lethopristis,0.0265,2.748,1,w,n,f,b,4,im
haemulidae,orthopristis_ruber,0.0265,2.748,1,m,b,m,l,5,im
ostraciidae,ostracion_meleagris,0.000956313,2.2629,10,m,d,s,b,4,im
ophidiidae,otophidium_chickcharney,0.001,3,1,s,d,s,b,3,im
ophidiidae,otophidium_dormitator,0.001,3,1,s,d,s,b,2,im
cirrhitidae,oxycirrhites_typus,0.0138,3.1175,1,s,d,s,b,3,im
sparidae,pagellus_acarne,0.0072,3.38,1,m,d,f,l,4,im
sparidae,pagellus_bellottii,0.0072,3.38,1,m,b,s,l,5,fc
sparidae,pagellus_bogaraveo,0.0072,3.38,1,m,d,f,l,5,im
sparidae,pagellus_erythrinus,0.0072,3.38,1,m,d,f,l,5,im
sparidae,pagrus_africanus,0.0206,2.898,1,m,d,f,l,5,im
sparidae,pagrus_auriga,0.0206,2.898,1,m,d,f,l,6,im
sparidae,pagrus_caeruleostictus,0.0206,2.898,1,m,d,f,l,6,im
sparidae,pagrus_pagrus,0.0206,2.898,1,m,d,f,l,6,im
blenniidae,parablennius_goreensis,0.0149,2.943,1,s,d,s,b,2,om
blenniidae,parablennius_incognitus,0.0149,2.943,1,s,d,s,b,2,om
blenniidae,parablennius_marmoreus,0.0149,2.943,1,s,d,s,b,2,om
blenniidae,parablennius_parvicornis,0.0149,2.943,1,s,d,s,b,3,om
blenniidae,parablennius_pilicornis,0.0149,2.943,1,s,d,s,b,3,im
blenniidae,parablennius_ruber,0.0149,2.943,1,s,d,s,b,3,om
blenniidae,parablennius_salensis,0.0149,2.943,1,s,d,s,b,2,om
blenniidae,parablennius_sanguinolentus,0.0149,2.943,1,s,d,s,b,4,om
blenniidae,parablennius_tentacularis,0.0149,2.943,1,s,d,s,b,3,om
blenniidae,parablennius_verryckeni,0.0149,2.943,1,s,d,s,b,1,om
labrisomidae,paraclinus_arcanus,0.0092,2.9111,1,s,d,s,b,1,im
labrisomidae,paraclinus_beebei,0.0092,2.9111,1,s,d,s,b,1,im
labrisomidae,paraclinus_ditrichus,0.0092,2.9111,1,s,d,s,b,1,im
labrisomidae,paraclinus_mexicanus,0.0092,2.9111,1,s,d,s,b,1,im
labrisomidae,paraclinus_monophthalmus,0.0092,2.9111,1,s,d,s,b,2,im
labrisomidae,paraclinus_rubicundus,0.0092,2.9111,1,s,d,s,b,1,im
labrisomidae,paraclinus_sini,0.0092,2.9111,1,s,d,s,b,2,im
labrisomidae,paraclinus_spectator,0.0092,2.9111,1,s,d,s,b,2,im
labrisomidae,paraclinus_stephensi,0.0092,2.9111,1,s,d,s,b,1,im
labrisomidae,paraclinus_tanygnathus,0.0092,2.9111,1,s,d,s,b,1,im
congridae,paraconger_caudilimbatus,9.53E-06,2.9895,10,s,d,s,b,5,im
congridae,paraconger_macrops,9.53E-06,2.9895,10,s,d,s,b,5,im
congridae,paraconger_notialis,9.53E-06,2.9895,10,s,d,s,b,5,im
blenniidae,parahypsos_piersoni,0.0149,2.943,1,s,d,s,b,1,hd
serranidae,paralabrax_albomaculatus,0.0146,3,1,m,b,s,b,5,fc
serranidae,paralabrax_auroguttatus,0.0146,3,1,m,b,s,b,5,fc
serranidae,paralabrax_callaensis,0.0146,3,1,m,b,s,b,4,fc
serranidae,paralabrax_dewegeri,0.0146,3,1,s,d,s,b,5,fc
serranidae,paralabrax_humeralis,0.0146,3,1,m,b,s,b,5,fc
serranidae,paralabrax_loro,0.0146,3,1,m,b,s,b,4,fc
serranidae,paralabrax_maculatofasciatus,0.0146,3,1,m,b,s,b,5,im
serranidae,paralabrax_nebulifer,0.0146,3,1,m,b,s,b,5,im
blenniidae,paralipophrys_trigloides,0.0149,2.943,1,s,d,s,b,2,om
epinephelidae,paranthias_colonus,0.0149,2.8633,1,w,b,l,l,4,pk
epinephelidae,paranthias_furcifer,0.0149,2.8633,1,m,d,m,h,4,pk
haemulidae,parapristipoma_humile,0.0193,2.945,1,m,b,l,l,4,im
haemulidae,parapristipoma_octolineatum,0.0193,2.945,1,m,b,l,l,5,im
ephippidae,parapsettus_panamensis,0.043196319,2.968,1,w,d,m,h,3,im
sciaenidae,pareques_acuminatus,0.00000547,3.2017,10,s,b,f,l,4,im
sciaenidae,pareques_fuscovittatus,0.00000547,3.2017,10,w,b,m,b,4,im
sciaenidae,pareques_lanfeari,5.47E-06,3.2017,10,w,b,m,b,5,im
sciaenidae,pareques_perissa,5.47E-06,3.2017,10,w,b,m,b,4,im
sciaenidae,pareques_umbrosus,5.47E-06,3.2017,10,s,b,f,l,4,im
sciaenidae,pareques_viola,5.47E-06,3.2017,10,w,b,m,b,4,im
exocoetidae,parexocoetus_brachypterus,0.0001,3,1,w,b,l,h,3,pk
pempheridae,pempheris_schomburgkii,0.0439,2.62,0.907441016,s,b,m,l,3,pk
gobiidae,periophthalmus_barbarus,9.30E-03,3.084,0.98,s,d,f,b,3,im
ophidiidae,petrotyx_hopkinsi,0.0001,3,1,s,n,s,b,4,im
ophichthidae,phaenomonas_pinnata,0.0001,3,1,m,n,s,b,5,im
apogonidae,phaeoptyx_pigmentaria,0.0072,3.371,0.985,s,n,s,l,2,pk
gobiesocidae,pherallodiscus_funebris,0.0001,3,1,s,d,s,b,3,im
anomalopidae,phthanophaneron_harveyi,0.0001,3,1,m,n,f,h,2,pk
phycidae,phycis_phycis,0.0052,3.188,1,s,b,s,b,5,im
pinguipedidae,pinguipes_brasilianus,0.0133,2.943,1,m,d,s,b,5,im
blenniidae,plagiotremus_azaleus,0.0018,3.581,0.970873786,s,d,s,b,3,im
belonidae,platybelone_argalus,0.0005,3.25,1,w,b,m,h,4,fc
belonidae,platybelone_argalus_lovii,0.0001,3,1,m,d,f,h,3,fc
dactyloscopidae,platygillellus_altivelis,0.0851,2.424,1,m,b,s,b,1,im
dactyloscopidae,platygillellus_brasiliensis,0.0851,2.424,1,s,d,s,b,1,im
dactyloscopidae,platygillellus_bussingi,0.0851,2.424,1,m,b,s,b,2,im
dactyloscopidae,platygillellus_rubellulus,0.0851,2.424,1,m,b,s,b,2,im
haemulidae,plectorhinchus_macrolepis,0.0043,3.33,1,m,b,m,l,4,im
haemulidae,plectorhinchus_mediterraneus,0.0043,3.33,1,m,b,m,l,6,im
holocentridae,plectrypops_lima,0.01767,3.139,1,m,n,s,l,3,im
holocentridae,plectrypops_retrospinis,0.01767,3.139,1,s,b,s,l,3,im
polynemidae,polydactylus_quadrifilis,0.0147,2.912,1,m,d,f,l,6,fc
labridae,polylepion_cruentum,0.002,3.63,1,m,d,s,l,3,im
polyprionidae,polyprion_americanus,0.000629,3.21,1,m,d,f,l,6,fc
pomacanthidae,pomacanthus_arcuatus,0.0000371,2.968,10,m,d,p,l,5,om
pomacanthidae,pomacanthus_paru,0.0000152,3.1264,10,m,d,p,l,5,om
pomacanthidae,pomacanthus_zonipectus,0.0000152,3.1264,10,m,d,s,b,5,om
haemulidae,pomadasys_incisus,0.088,2.49,1,m,b,m,l,5,im
haemulidae,pomadasys_jubelini,0.088,2.49,1,m,b,m,l,5,im
haemulidae,pomadasys_perotaei,0.088,2.49,1,m,b,m,l,4,im
haemulidae,pomadasys_rogerii,0.088,2.49,1,m,b,m,l,5,im
haemulidae,pomadasys_suillus,0.088,2.49,1,m,b,m,l,5,im
scorpaenidae,pontinus_accraensis,0.0163,2.956,1,s,b,s,b,4,fc
scorpaenidae,pontinus_furcirhinus,0.0163,2.956,1,s,n,s,b,3,fc
scorpaenidae,pontinus_strigatus,0.0163,2.956,1,s,n,s,b,2,fc
scorpaenidae,pontinus_vaughani,0.0163,2.956,1,s,n,s,b,4,fc
batrachoididae,porichthys_margaritatus,0.0069,3.19,1,m,n,s,b,3,im
batrachoididae,porichthys_porosissimus,0.00000213,3.314,10,s,b,s,b,4,im
priacanthidae,priacanthus_alalaua,1.19E-05,3.0387,1,m,b,m,l,4,pk
priacanthidae,priacanthus_arenatus,0.0000119,3.0387,10,m,b,m,l,5,fc
priacanthidae,priacanthus_meeki,1.19E-05,3.0387,1,w,n,m,l,4,im
gobiidae,priolepis_ascensionis,0.0133,3.041,1,s,d,s,b,1,im
gobiidae,priolepis_dawsoni,0.0133,3.041,1,s,d,s,b,1,im
triglidae,prionotus_albirostris,0.0189,3.049,1,m,b,s,b,3,im
triglidae,prionotus_miles,0.0189,3.049,1,m,b,s,b,3,im
acanthuridae,prionurus_biafraensis,0.0267,2.984,0.965250965,m,d,m,l,4,hd
acanthuridae,prionurus_laticlavius,0.0267,2.984,0.945179584,m,d,f,b,5,hd
acanthuridae,prionurus_punctatus,0.0267,2.984,0.965250965,m,d,f,b,5,hd
priacanthidae,pristigenys_alta,0.042,2.88,0.9952,m,b,f,l,4,im
priacanthidae,pristigenys_serrula,0.042,2.88,0.9952,m,n,f,l,4,fc
lutjanidae,pristipomoides_zonatus,0.0212,2.995,0.81,m,b,l,l,5,fc
chaetodontidae,prognathodes_brasiliensis,0.000033,2.9838,10,s,d,s,l,1,im
chaetodontidae,prognathodes_carlhubbsi,3.30E-05,2.9838,10,m,d,p,b,3,im
chaetodontidae,prognathodes_dichrous,3.30E-05,2.9838,10,m,d,p,b,3,im
chaetodontidae,prognathodes_falcifer,3.30E-05,2.9838,10,m,d,p,b,3,im
chaetodontidae,prognathodes_guyanensis,0.000033,2.9838,10,s,d,s,l,3,im
chaetodontidae,prognathodes_marcellae,0.000033,2.9838,10,s,d,s,l,3,im
chaetodontidae,prognathodes_obliquus,0.000033,2.9838,10,s,d,s,l,3,im
serranidae,pronotogrammus_eos,0.00009,2.785,1,s,b,l,l,3,pk
serranidae,pronotogrammus_martinicensis,0.00009,2.785,1,s,d,f,l,4,pk
serranidae,pronotogrammus_multifasciatus,0.00009,2.785,1,s,b,l,l,4,pk
chaenopsidae,protemblemaria_bicirrus,8.41E-06,2.9625,1,s,d,s,b,1,im
chaenopsidae,protemblemaria_perla,8.41E-06,2.9625,1,s,d,s,b,1,im
balistidae,pseudobalistes_naufragium,0.0726,2.76,1,m,d,s,b,6,im
carangidae,pseudocaranx_dentex,0.0186,2.8563,1,w,b,f,h,6,fc
serranidae,pseudogramma_axelrodi,0.011,3.206,1,s,n,s,b,1,im
serranidae,pseudogramma_gregoryi,0.011,3.206,1,s,n,s,b,1,im
serranidae,pseudogramma_guineensis,0.011,3.206,1,s,d,s,b,1,im
serranidae,pseudogramma_thaumasia,0.011,3.206,1,s,n,s,b,2,im
pinguipedidae,pseudopercis_numida,0.0125,2.943,1,m,d,s,b,6,im
pinguipedidae,pseudopercis_semifasciata,0.0125,2.943,1,m,d,s,b,6,im
sciaenidae,pseudotolithus_senegalensis,0.00804,3,1,s,b,s,b,6,im
mullidae,pseudupeneus_grandisquamis,0.0049,3.3734,1,m,d,f,b,4,im
mullidae,pseudupeneus_maculatus,0.0049,3.3734,1,m,d,f,l,4,im
mullidae,pseudupeneus_prayensis,0.0049,3.3734,1,m,d,f,l,5,im
gobiidae,psilotris_celsus,0.0093,3.03,1,s,d,s,b,2,im
ptereleotridae,ptereleotris_carinata,9.53E-06,2.9895,1,s,d,f,l,2,pk
ptereleotridae,ptereleotris_randalli,0.00000953,2.9895,10,s,d,p,l,1,pk
gobiidae,pycnomma_semisquamatum,0.0093,3.03,1,s,d,s,b,2,im
ophichthidae,quassiremus_ascensionis,0.0001,3,1,s,d,s,b,5,fc
ophichthidae,quassiremus_evionthas,0.0001,3,1,m,n,s,b,5,im
ophichthidae,quassiremus_nothochir,0.0001,3,1,m,n,s,b,5,im
rachycentridae,rachycentron_canadum,5.70E-10,3.4287,10,w,d,f,h,6,fc
echeneidae,remora_remora,0.00418,3,1,w,b,s,h,5,im
balistidae,rhinecanthus_aculeatus,0.0522,2.641,1,s,d,s,b,4,im
lutjanidae,rhomboplites_aurorubens,0.0168,2.896,1,m,d,m,h,5,im
clinidae,ribeiroclinus_eigenmanni,0.0001,3,1,s,d,s,b,1,im
gobiidae,risor_ruber,0.0001,3,1,s,d,f,b,1,im
serranidae,rypticus_bicolor,0.0000254,2.9266,10,s,n,s,b,4,fc
serranidae,rypticus_bistrispinus,0.0000254,2.9266,10,s,b,s,b,3,im
serranidae,rypticus_courtenayi,0.0000254,2.9266,10,s,n,s,b,3,fc
serranidae,rypticus_nigripinnis,0.0000254,2.9266,10,s,n,s,b,4,fc
serranidae,rypticus_randalli,2.54E-05,2.9266,10,s,b,s,b,4,im
serranidae,rypticus_saponaceus,0.0000254,2.9266,10,s,b,s,b,4,im
serranidae,rypticus_subbifrenatus,0.0000254,2.9266,10,s,b,s,b,3,im
blenniidae,salaria_pavo,0.0103,3.023,1,m,d,f,b,2,im
clupeidae,sardinella_aurita,0.00575,3.16,1,w,b,m,l,4,om
holocentridae,sargocentron_bullisi,0.0000254,2.9266,10,s,b,s,l,3,im
holocentridae,sargocentron_hastatum,0.0076,3.2582,1,s,b,s,l,4,im
holocentridae,sargocentron_suborbitalis,0.0158,3.0514,1,s,n,s,b,4,im
sparidae,sarpa_salpa,0.0219,3.126,1,m,d,m,l,5,hd
synodontidae,saurida_brasiliensis,0.00484,3.04,1,s,d,s,b,3,fc
blenniidae,scartella_caboverdiana,0.0081,3.27,1,s,d,s,b,2,hd
blenniidae,scartella_cristata,0.0081,3.27,1,s,d,s,b,2,om
blenniidae,scartella_itajobi,0.0081,3.27,1,s,d,s,b,1,hd
blenniidae,scartella_nuchifilis,0.0081,3.27,1,s,d,s,b,1,hd
blenniidae,scartella_poiti,0.0081,3.27,1,s,d,s,b,2,hd
blenniidae,scartella_springeri,0.0081,3.27,1,s,d,s,b,1,hd
blenniidae,scartichthys_gigas,0.0001,3,1,s,d,s,b,3,om
labridae_scarini,scarus_compressus,0.0165,3.041,0.914913083,m,d,f,b,5,hd
labridae_scarini,scarus_ghobban,0.0165,3.041,1,m,d,f,b,5,hd
labridae_scarini,scarus_guacamaia,0.0155,3.063,1,m,d,f,l,6,hd
labridae_scarini,scarus_hoefleri,0.00000963,3.1109,10,m,d,f,l,5,hd
labridae_scarini,scarus_perrico,0.0165,3.041,0.914913083,m,d,f,b,5,hd
labridae_scarini,scarus_rubroviolaceus,0.0165,3.041,0.914913083,m,d,f,b,5,hd
labridae_scarini,scarus_trispinosus,0.0000134,3.0626,10,m,d,f,l,4,hd
labridae_scarini,scarus_zelindae,0.0000134,3.0626,10,m,d,f,l,4,hd
scombridae,scomber_australasicus,0.004,3.307,0.96123,m,d,m,h,4,im
scombridae,scomberomorus_maculatus,0.006,3.002,0.89206066,w,d,f,h,6,fc
scorpaenidae,scorpaena_afuerae,0.0348,2.85,1,s,n,s,b,4,fc
scorpaenidae,scorpaena_angolensis,0.0348,2.85,1,s,b,s,b,4,im
scorpaenidae,scorpaena_annobonae,0.0348,2.85,1,s,b,s,b,1,im
scorpaenidae,scorpaena_ascensionis,0.0348,2.85,1,s,b,s,b,2,fc
scorpaenidae,scorpaena_bergii,0.0348,2.85,1,s,b,s,b,3,im
scorpaenidae,scorpaena_brasiliensis,0.0348,2.85,1,s,b,s,b,4,im
scorpaenidae,scorpaena_canariensis,0.0348,2.85,1,s,b,s,b,3,im
scorpaenidae,scorpaena_cocosensis,0.0348,2.85,1,s,n,s,b,2,fc
scorpaenidae,scorpaena_dispar,0.0348,2.85,1,s,b,s,b,4,im
scorpaenidae,scorpaena_elongata,0.0348,2.85,1,s,b,s,b,5,im
scorpaenidae,scorpaena_grandicornis,0.0348,2.85,1,s,b,s,b,4,im
scorpaenidae,scorpaena_guttata,0.0348,2.85,1,s,n,s,b,5,fc
scorpaenidae,scorpaena_histrio,0.0348,2.85,1,s,n,s,b,4,fc
scorpaenidae,scorpaena_isthmensis,0.0348,2.85,1,s,b,s,b,3,im
scorpaenidae,scorpaena_laevis,0.0348,2.85,1,s,b,s,b,4,im
scorpaenidae,scorpaena_loppei,0.0348,2.85,1,s,b,s,b,3,im
scorpaenidae,scorpaena_maderensis,0.0348,2.85,1,s,n,s,b,3,fc
scorpaenidae,scorpaena_mellissii,0.0348,2.85,1,s,b,s,b,4,fc
scorpaenidae,scorpaena_mystes,0.0348,2.85,1,s,n,s,b,5,fc
scorpaenidae,scorpaena_normani,0.0348,2.85,1,s,b,s,b,4,im
scorpaenidae,scorpaena_notata,0.0348,2.85,1,s,b,s,b,4,im
scorpaenidae,scorpaena_plumieri,0.0348,2.85,1,s,b,s,b,5,im
scorpaenidae,scorpaena_porcus,0.0348,2.85,1,s,n,s,b,4,fc
scorpaenidae,scorpaena_prin,0.0348,2.85,1,s,b,s,b,3,im
scorpaenidae,scorpaena_scrofa,0.0348,2.85,1,s,n,s,b,5,fc
scorpaenidae,scorpaena_stephanica,0.0348,2.85,1,s,b,s,b,5,im
scorpaenidae,scorpaenodes_africanus,0.0167,2.9253,1,s,b,s,b,6,fc
scorpaenidae,scorpaenodes_caribbaeus,0.0167,2.9253,1,s,b,s,b,3,im
scorpaenidae,scorpaenodes_elongatus,0.0167,2.9253,1,s,b,s,b,3,im
scorpaenidae,scorpaenodes_insularis,0.0167,2.9253,1,s,b,s,b,3,im
scorpaenidae,scorpaenodes_tredecimspinosus,0.0167,2.9253,1,s,b,s,b,2,im
scorpaenidae,scorpaenodes_xyris,0.0167,2.9253,1,s,n,s,b,3,fc
muraenidae,scuticaria_tigrina,0.001,3.07,1,s,n,s,b,6,fc
carangidae,selar_crumenophthalmus,4.00E-03,3.259,1,w,b,l,h,5,pk
labridae,semicossyphus_darwini,0.0134,2.971,1,w,d,s,b,5,im
labridae,semicossyphus_pulcher,0.0289,3,1,w,d,s,b,6,im
carangidae,seriola_carpenteri,0.0359,2.801,1,w,d,m,h,5,fc
carangidae,seriola_dumerili,0.0359,2.801,1,w,b,f,h,6,fc
carangidae,seriola_fasciata,0.0359,2.801,1,w,d,m,h,5,fc
carangidae,seriola_lalandi,0.0359,2.801,0.89206066,w,b,f,h,6,fc
carangidae,seriola_peruana,0.0359,2.801,1,w,b,f,h,5,fc
carangidae,seriola_rivoliana,0.0359,2.801,0.903342367,w,b,f,h,6,fc
serranidae,serranus_accraensis,0.0079,3.4496,1,s,d,s,b,4,im
serranidae,serranus_aequidens,0.0079,3.4496,1,m,n,s,b,4,fc
serranidae,serranus_africanus,0.0079,3.4496,1,s,d,s,b,3,im
serranidae,serranus_annularis,0.0079,3.4496,1,s,d,s,b,2,im
serranidae,serranus_atricauda,0.0079,3.4496,1,s,d,s,b,5,im
serranidae,serranus_auriga,0.0079,3.4496,1,s,d,s,b,3,im
serranidae,serranus_baldwini,0.0000118,3.0358,10,s,d,s,b,3,im
serranidae,serranus_cabrilla,0.0079,3.4496,1,s,b,s,b,4,fc
serranidae,serranus_chionaraia,0.0079,3.4496,1,s,d,s,b,2,im
serranidae,serranus_flaviventris,0.0079,3.4496,1,s,d,s,b,2,im
serranidae,serranus_hepatus,0.0079,3.4496,1,s,d,s,b,4,im
serranidae,serranus_heterurus,0.0079,3.4496,1,s,d,s,b,1,im
serranidae,serranus_huascarii,0.0079,3.4496,1,m,n,s,b,4,fc
serranidae,serranus_phoebe,0.0079,3.4496,1,s,d,s,b,4,im
serranidae,serranus_psittacinus,0.0079,3.4496,1,m,n,s,b,3,fc
serranidae,serranus_sanctaehelenae,0.0079,3.4496,1,s,d,s,b,5,im
serranidae,serranus_scriba,0.0079,3.4496,1,s,d,s,b,4,im
serranidae,serranus_socorroensis,0.0079,3.4496,1,m,n,s,b,2,fc
serranidae,serranus_spp,0.0079,3.4496,1,s,d,s,b,2,fc
serranidae,serranus_stilbostigma,0.0079,3.4496,1,m,n,s,b,3,fc
serranidae,serranus_tabacarius,0.0079,3.4496,1,s,d,s,b,4,fc
serranidae,serranus_tico,0.0079,3.4496,1,m,n,s,b,2,fc
pomacentridae,similiparma_hermani,0.0000198,3.0825,9.32835821,s,d,s,l,3,hd
blenniidae,spaniblennius_riodourensis,0.0115,2.9332,1,s,d,s,b,1,im
labridae_scarini,sparisoma_amplum,0.000037,2.9051,9.99000999,m,d,f,l,4,hd
labridae_scarini,sparisoma_axillare,0.0144,3.1,1,m,d,f,l,4,hd
labridae_scarini,sparisoma_cretense,0.0107,3.129,1,m,d,f,l,5,hd
labridae_scarini,sparisoma_frondosum,0.0154,3.0423,1,m,d,f,l,4,hd
labridae_scarini,sparisoma_radians,0.0179,3.0348,1,m,d,f,l,4,hd
labridae_scarini,sparisoma_rubripinne,0.0144,3.1,1,m,d,f,l,5,hd
labridae_scarini,sparisoma_strigatum,0.0179,3.0348,1,m,d,l,b,4,hd
labridae_scarini,sparisoma_tuiupiranga,0.0000114,3.0275,10,m,d,f,l,3,hd
sparidae,sparus_aurata,0.00923,3.28,1,m,d,f,l,5,im
tetraodontidae,sphoeroides_angusticeps,0.023498939,3.05,1,m,n,p,l,3,im
tetraodontidae,sphoeroides_annulatus,0.023498939,3.05,1,m,n,p,l,4,im
tetraodontidae,sphoeroides_lobatus,0.023498939,3.05,1,m,n,p,l,4,im
tetraodontidae,sphoeroides_marmoratus,0.023498939,3.05,1,m,d,s,l,4,is
tetraodontidae,sphoeroides_pachygaster,0.023498939,3.05,1,w,b,s,b,4,im
tetraodontidae,sphoeroides_spengleri,0.023498939,3.05,1,m,d,s,l,4,is
tetraodontidae,sphoeroides_testudineus,0.017099604,3.089,1,m,d,s,l,4,is
sphyraenidae,sphyraena_afra,0.0132,2.88,1,w,b,f,h,6,fc
sphyraenidae,sphyraena_barracuda,0.0038,3.0859,1,w,n,f,h,6,fc
sphyraenidae,sphyraena_guachancho,0.0132,2.88,0.84317032,w,d,f,h,6,fc
sphyraenidae,sphyraena_idiastes,0.0038,3.0859,1,w,b,l,h,6,fc
sphyraenidae,sphyraena_picudilla,0.0178,2.72,0.871080139,w,d,f,h,5,fc
sphyraenidae,sphyraena_qenie,0.0132,2.88,1,w,n,m,h,6,fc
sphyraenidae,sphyraena_sphyraena,0.0132,2.88,1,w,d,f,h,6,fc
centracanthidae,spicara_melanurus,0.0302,2.83,1,w,d,l,h,4,pk
centracanthidae,spicara_nigricauda,0.0302,2.83,1,w,d,l,h,4,pk
sparidae,spondyliosoma_cantharus,0.00982,3.141,1,m,d,f,l,5,om
labrisomidae,starksia_brasiliensis,1.83E-05,2.8771,10,s,d,s,b,1,im
labrisomidae,starksia_cremnobates,1.83E-05,2.8771,10,s,d,s,b,1,im
labrisomidae,starksia_fulva,1.83E-05,2.8771,10,s,d,s,b,1,im
labrisomidae,starksia_galapagensis,1.83E-05,2.8771,10,s,d,s,b,1,im
labrisomidae,starksia_grammilaga,1.83E-05,2.8771,10,s,d,s,b,1,im
labrisomidae,starksia_lepidogaster,1.83E-05,2.8771,10,s,d,s,b,1,im
labrisomidae,starksia_multilepis,1.83E-05,2.8771,10,s,d,s,b,1,im
labrisomidae,starksia_posthon,1.83E-05,2.8771,10,s,d,s,b,1,im
labrisomidae,starksia_spinipenis,1.83E-05,2.8771,10,s,d,s,b,2,im
chaenopsidae,stathmonotus_culebrai,8.41E-06,2.9625,1,s,d,s,b,2,im
chaenopsidae,stathmonotus_lugubris,8.41E-06,2.9625,1,s,d,s,b,2,im
chaenopsidae,stathmonotus_sinuscalifornici,8.41E-06,2.9625,1,s,d,s,b,2,im
pomacentridae,stegastes_acapulcoensis,0.0181,3.0755,1,s,d,f,b,3,hd
pomacentridae,stegastes_arcifrons,0.0181,3.0755,1,s,d,f,b,3,hd
pomacentridae,stegastes_baldwini,0.0156,3.13,1,s,d,f,b,2,hd
pomacentridae,stegastes_beebei,0.0181,3.0755,1,s,d,f,b,3,hd
pomacentridae,stegastes_flavilatus,0.0156,3.13,1,s,d,f,b,3,hd
pomacentridae,stegastes_fuscus,0.0193,2.96,1,s,d,s,l,3,hd
pomacentridae,stegastes_imbricatus,0.0193,2.96,1,s,d,s,l,3,hd
pomacentridae,stegastes_leucorus,0.0181,3.0755,1,s,d,f,b,3,hd
pomacentridae,stegastes_leucostictus,0.0277,2.8711,1,s,d,s,l,3,hd
pomacentridae,stegastes_lubbocki,0.0156,3.13,1,s,d,s,l,2,hd
pomacentridae,stegastes_pictus,0.0000128,3.1519,9.85221675,s,d,s,l,2,om
pomacentridae,stegastes_rectifraenum,0.0181,3.0755,1,s,d,f,b,2,hd
pomacentridae,stegastes_redemptus,0.0156,3.13,1,s,d,f,b,3,hd
pomacentridae,stegastes_rocasensis,0.0193,2.96,1,s,d,s,l,2,hd
pomacentridae,stegastes_sanctaehelenae,0.0156,3.13,1,s,d,s,l,2,hd
pomacentridae,stegastes_sanctipauli,0.0193,2.96,1,s,d,s,l,2,hd
pomacentridae,stegastes_variabilis,0.0156,3.13,1,s,d,s,l,3,hd
monacanthidae,stephanolepis_hispidus,0.0000563,2.772,10,m,d,s,l,4,im
monacanthidae,stephanolepis_setifer,5.63E-05,2.772,10,m,d,s,l,4,im
acropomatidae,stereolepis_gigas,0.02214,3,1,w,n,s,l,6,fc
labridae,stethojulis_bandanensis,0.03035,2.581,1,m,d,f,b,3,im
dactyloscopidae,storrsia_olsoni,0.0001,3,1,s,d,s,b,1,im
belonidae,strongylura_scapularis,0.0005,3.25,1,m,d,f,h,3,fc
belonidae,strongylura_senegalensis,5.00E-04,3.25,1,m,d,f,h,6,fc
bythitidae,stygnobrotula_latebricola,0.0001,3,1,s,d,s,b,2,im
balistidae,sufflamen_verres,0.0324,2.929,0.963391137,m,d,s,b,5,im
labridae,symphodus_mediterraneus,0.021,2.979,1,m,d,s,l,3,im
cynoglossidae,symphurus_atramentatus,0.0001,3,1,m,b,s,b,2,im
syngnathidae,syngnathus_acus,0.00072,2.883,1,s,d,p,b,5,im
syngnathidae,syngnathus_typhle,0.0002,3.22,1,s,d,s,b,4,im
synodontidae,synodus_foetens,0.00769,2.946,1,s,d,s,b,5,fc
synodontidae,synodus_intermedius,0.002,3.44,1,s,d,s,b,5,fc
synodontidae,synodus_lacertinus,0.0034,3.332,1,m,b,s,b,3,fc
synodontidae,synodus_lucioceps,0.0034,3.332,1,m,b,s,b,5,fc
synodontidae,synodus_myops,0.0034,3.332,1,w,b,s,b,3,fc
synodontidae,synodus_saurus,0.0034,3.332,1,s,d,s,b,5,fc
synodontidae,synodus_synodus,0.002,3.44,1,s,d,s,b,4,fc
scorpaenidae,taenianotus_triacanthus,0.0001,3,1,s,n,s,b,2,im
chaenopsidae,tanyemblemaria_alleni,0.00001,3,1,s,d,s,b,1,im
labridae,thalassoma_ascensionis,0.0126,2.8783,1,m,d,m,l,2,im
labridae,thalassoma_grammaticum,0.0126,2.8783,1,s,d,f,b,4,im
labridae,thalassoma_lucasanum,0.0126,2.8783,1,s,d,f,b,3,im
labridae,thalassoma_newtoni,0.0092,3.111,1,m,d,m,l,1,pk
labridae,thalassoma_noronhanum,0.000013,2.9162,10,m,d,m,l,3,pk
labridae,thalassoma_pavo,0.0092,3.111,1,m,d,m,l,4,pk
labridae,thalassoma_purpureum,0.02593,3.1,1,m,d,f,b,4,im
labridae,thalassoma_robertsoni,0.000013,2.9162,1,s,d,f,b,2,im
labridae,thalassoma_sanctaehelenae,0.0092,3.111,1,m,d,m,l,3,im
labridae,thalassoma_virens,0.0126,2.8783,1,s,d,f,b,4,im
batrachoididae,thalassophryne_montevidensis,2.13E-06,3.314,10,s,b,s,b,3,im
batrachoididae,thalassophryne_nattereri,2.13E-06,3.314,10,s,b,s,b,3,im
batrachoididae,thalassophryne_punctata,2.13E-06,3.314,10,s,b,s,b,3,im
gobiidae,thorogobius_angolensis,0.0109,3.09,1,s,d,s,b,3,im
gobiidae,thorogobius_ephippiatus,0.0093,3.03,1,s,d,s,b,2,im
gobiesocidae,tomicodon_absitus,0.00001,1,1,s,d,s,b,1,om
gobiesocidae,tomicodon_australis,0.00001,1,1,s,d,s,b,1,im
gobiesocidae,tomicodon_bidens,0.00001,1,1,s,d,s,b,1,om
gobiesocidae,tomicodon_boehlkei,0.00001,1,1,s,d,s,b,2,om
gobiesocidae,tomicodon_chilensis,0.00001,1,1,s,d,s,b,2,om
gobiesocidae,tomicodon_eos,0.00001,1,1,s,d,s,b,1,om
gobiesocidae,tomicodon_humeralis,0.00001,1,1,s,d,s,b,2,om
gobiesocidae,tomicodon_myersi,0.00001,1,1,s,d,s,b,1,im
gobiesocidae,tomicodon_petersii,0.00001,1,1,s,d,s,b,1,om
gobiesocidae,tomicodon_vermiculatus,0.00001,1,1,s,d,s,b,1,om
gobiesocidae,tomicodon_zebra,0.00001,1,1,s,d,s,b,2,om
sciaenidae,totoaba_macdonaldi,0.0001,3,1,w,b,f,b,6,im
carangidae,trachinotus_carolinus,0.0122,2.832,1,w,d,m,h,5,im
carangidae,trachinotus_falcatus,0.0000836,2.803,0.055248619,w,d,m,l,6,im
carangidae,trachinotus_goodei,0.0122,2.832,1,w,d,m,l,5,im
carangidae,trachinotus_goreensis,0.0122,2.832,1,w,d,m,l,6,im
carangidae,trachinotus_maxillosus,0.0122,2.832,1,w,d,m,l,6,im
carangidae,trachinotus_ovatus,0.0122,2.832,1,w,d,m,l,5,im
carangidae,trachinotus_rhodopus,0.0122,2.832,1,w,b,m,b,5,im
carangidae,trachinotus_stilbe,0.0001,1.31,0.894454,w,b,m,b,4,fc
carangidae,trachinotus_teraia,0.0122,2.832,1,w,d,m,l,5,im
tripterygiidae,tripterygion_delaisi,0.0001,3,1,s,d,s,b,2,im
belonidae,tylosurus_acus_imperialis,5.00E-04,3.25,1,m,d,f,h,6,fc
belonidae,tylosurus_acus_rafale,5.00E-04,3.25,1,m,d,f,h,6,fc
belonidae,tylosurus_crocodilus,5.00E-04,3.25,1,w,b,f,h,6,fc
belonidae,tylosurus_crocodilus_fodiator,5.00E-04,3.25,1,w,d,s,h,6,fc
belonidae,tylosurus_pacificus,0.0005,3.25,1,w,d,s,h,6,fc
belonidae,tylosurusacus_acus_melanotus,0.0001,3,1,w,b,f,h,6,fc
sciaenidae,umbrina_galapagorum,0.0119,2.985,1,w,b,m,b,5,im
sciaenidae,umbrina_ronchus,0.0119,2.985,1,m,d,f,l,6,im
sciaenidae,umbrina_steindachneri,0.0119,2.985,1,m,d,f,l,5,im
mullidae,upeneus_parvus,0.0044,3.31,1,m,d,m,l,4,im
carangidae,uraspis_helvola,0.0001,3,1,w,n,f,l,5,im
muraenidae,uropterygius_macrocephalus,0.0001,0.989,1,s,n,s,b,4,im
muraenidae,uropterygius_macularius,0.0001,0.989,1,s,b,s,b,4,im
muraenidae,uropterygius_polystictus,0.0001,0.989,1,s,n,s,b,5,im
muraenidae,uropterygius_supraforatus,0.0001,0.989,1,s,n,s,b,4,im
muraenidae,uropterygius_versutus,0.0001,0.989,1,s,n,s,b,5,im
gobiidae,vanneaugobius_canariensis,0.0001,3,1,s,d,s,b,1,im
gobiidae,vanneaugobius_pruvoti,0.0001,3,1,s,d,s,b,1,im
sparidae,virididentex_acromegalus,0.0302,2.83,1,m,d,f,h,5,im
gobiidae,wheelerigobius_maltzani,0.0001,3,1,s,d,s,b,1,im
gobiidae,wheelerigobius_wirtzi,0.0109,3.09,1,s,d,s,b,1,im
balistidae,xanthychthys_caeruleolineatus,0.0001,1.185,1,w,d,m,l,4,im
balistidae,xanthichthys_mento,0.0001,1.185,1,w,d,m,l,4,pk
balistidae,xanthichthys_ringens,0.0001,1.185,1,m,d,m,l,4,im
haemulidae,xenichthys_agassizii,0.0098,3.1,1,w,n,l,h,4,pk
haemulidae,xenichthys_xanti,0.0098,3.1,1,w,n,l,b,4,pk
haemulidae,haemulon_californiensis,0.0098,3.1,1,w,n,l,h,4,pk
haemulidae,xenocys_jessiae,0.0001,3,1,w,n,l,h,4,pk
labrisomidae,xenomedea_rhodopyga,0.0001,3,1,s,d,s,b,2,im
labridae,xyrichtys_blanchardi,1.51E-05,3.078,10,m,d,s,l,4,im
labridae,xyrichtys_incandescens,1.51E-05,3.078,10,m,d,s,l,1,im
labridae,xyrichtys_martinicensis,0.0000151,3.078,10,m,d,s,l,3,im
labridae,xyrichtys_mundiceps,1.51E-05,3.078,10,m,d,s,b,3,im
labridae,xyrichtys_novacula,1.51E-05,3.078,10,m,d,s,l,4,im
labridae,xyrichtys_sanctaehelenae,1.51E-05,3.078,10,m,d,s,l,4,im
labridae,xyrichtys_splendens,1.51E-05,3.078,10,m,d,s,l,3,im
labridae,xyrichtys_victori,1.51E-05,3.078,10,m,d,s,b,3,im
labridae,xyrichtys_wellingtoni,1.51E-05,3.078,10,m,d,s,b,2,im
embiotocidae,zalembius_rosaceus,0.0001,3,1,w,d,f,b,3,im
zanclidae,zanclus_cornutus,0.0147,3.37,0.980392157,m,d,f,b,3,om
carangidae,decapterus_macarellus,0.0078,3.14,1,w,d,l,h,4,pk
congridae,ariosoma_balearicum,0.0001,1.01,1,s,n,s,b,4,im
labridae,liopropoma_emanueli,0.0001,1.182,1,m,n,s,l,3,im
haemulidae,orthopristis_chrysoptera,0.0149,3.189,1,w,n,f,b,4,im
carangidae,selene_vomer,0.0000424,2.746,10,w,d,m,h,4,im
gobiidae,chriolepis_fisheri,0.0093,3.03,1,s,d,s,b,1,im
opistognathidae,opistognathus_maxillosus,9.53E-06,2.9895,10,s,d,s,b,3,im
scorpaenidae,pontinus_nematophthalmus,0.0163,2.956,1,s,n,s,b,2,fc
scorpaenidae,scorpaena_calcarata,0.0348,2.85,1,s,b,s,b,4,fc
syngnathidae,hippocampus_patagonicus,3.00E-04,3.156,1,s,d,s,b,2,pk
chlopsis,chlopsis_bicolor,0.0001,0.986,1,m,n,s,b,4,im
pempheridae,pempheris_poeyi,0.0439,2.62,1,s,b,m,l,3,pk
scorpaenidae,scorpaena_albifimbria,0.0348,2.85,1,s,b,s,b,4,fc
bothidae,arnoglossus_capensis,0.0002,1.213,1,s,b,s,b,3,im
bothidae,arnoglossus_imperialis,0.0002,1.213,1,s,b,s,b,3,im
bothidae,arnoglossus_laterna,0.0002,1.213,1,s,b,s,b,3,im
bothidae,arnoglossus_thori,0.0002,1.213,1,s,b,s,b,3,im
bothidae,chascanopsetta_lugubris,0.0001,1.124,1,s,n,s,b,4,im
bothidae,monolene_mertensi,0.01439,3.16,1,m,n,s,b,2,im
carangidae,lichia_amia,0.0249,2.894,1,w,d,l,h,6,fc
epinephelidae,epinephelus_goreensis,1.13E-05,3.035,10,m,n,s,b,5,fc
epinephelidae,hyporthodus_haifensis,0.0259,2.867,1,s,d,s,l,6,fc
gobiidae,porogobius_schlegelli,0.0093,3.03,1,s,d,f,b,2,im
malacanthidae,branchiostegus_semifasciatus,0.00001,0.00001,1,m,n,m,l,5,im
muraenidae,uropterygius_wheeleri,0.0001,0.989,1,s,n,s,b,5,im
myrocongridae,myroconger_compressus,9.53E-06,2.9895,1,m,b,s,b,5,im
ophichthidae,brachysomophis_atlanticus,0.00001,0.00001,1,m,d,s,b,3,im
ophichthidae,callechelys_guineensis,0.0001,0.00001,1,m,n,s,b,5,im
ophichthidae,ophisurus_serpens,0.0015,2.959,1,m,d,s,b,6,im
ophichthidae,pisodonophis_semicinctus,0.01002,3.001,1,m,n,s,b,6,fc
paralichthyidae,citharichthys_stampflii,0.0001,1,1,s,b,s,b,3,im
paralichthyidae,syacium_guineensis,0.0082,3,1,m,n,s,b,3,im
paralichthyidae,syacium_micrurum,0.0082,3,1,m,n,s,b,3,im
sciaenidae,umbrina_cirrosa,0.0119,2.985,1,m,d,f,l,5,im
scorpaenidae,pontinus_kuhlii,0.0163,2.956,1,s,b,s,b,5,fc
sparidae,dentex_congoensis,0.012,3.11,1,m,d,f,l,5,im
sparidae,lithognathus_mormyrus,0.0281,2.912,1,m,d,m,b,5,im
sparidae,rhabdosargus_globiceps,0.0194,3.177,1,m,d,m,b,5,im
Uranoscopidae,uranoscopus_albesca,0.019,2.713,1,m,d,s,b,4,fc
Uranoscopidae,uranoscopus_cadenati,0.019,2.713,1,m,d,s,b,4,fc
Uranoscopidae,uranoscopus_polli,0.019,2.713,1,m,d,s,b,4,fc
callionymidae,synchiropus_phaeton,0.01309,2.572,1,s,n,s,b,3,im
muraenidae,gymnothorax_maderensis,7.00E-04,3.2179,0.99,s,b,s,b,6,fc
ophichthidae,apterichtus_anguiformis,2.00E-04,3.15,1,s,n,f,b,4,im
ophichthidae,echelus_myrus,4.10E-03,2.662,0.967,m,b,s,b,6,im
ophichthidae,echiophis_foresti,2.00E-04,3.15,1,m,d,s,b,4,fc
carangidae,decapterus_muroadsi,0.0078,3.14,1,w,n,m,h,4,pk
ophichthidae,callechelys_bilinearis,0.0001,0.00001,1,m,n,s,b,6,im
ophichthidae,phaenomonas_longissima,0.0001,3,1,m,n,s,b,5,im
paralichthyidae,syacium_papillosum,0.00716,3.141,1,m,n,s,b,3,im
scorpaenidae,pontinus_nigropunctatus,0.0163,2.956,1,s,b,s,b,4,fc
labridae_scarini,sparisoma_spp,0.0179,3.0348,1,m,d,f,l,3,hd
kyphosidae,kyphosus_spp,0.0000145,3.0801,1,w,d,m,l,5,hd
labrisomidae,malacoctenus_sp1,0.0122,2.95,1,s,d,s,b,2,im
labrisomidae,malacoctenus_sp2,0.0122,2.95,1,s,d,s,b,2,im
labrisomidae,malacoctenus_sp3,0.0122,2.95,1,s,d,s,b,2,im
labridae,halichoeres_rubrovirens,0.0093,3.07,1,s,d,f,b,2,im
belonidae,strongylura_timucu,0.0005,3.25,1,m,d,f,h,5,im
sphyraenidae,sphyraena_viridensis,0.0132,2.88,1,w,d,f,h,5,fc
gobiidae,coryphopterus_spb,0.0093,3.03,1,s,d,f,b,2,im
labridae_scarini,sparisoma_rocha,0.0154,3.0423,1,m,d,f,l,4,hd
labridae_scarini,sparisoma_choati,0.0154,3.0423,1,m,d,f,l,4,hd
apogonidae,apogon_spp,2.28E-05,2.9434,1,s,n,f,l,2,pk
blenniidae,ophioblennius_spp,0.000135519,2.3791,10,s,d,s,b,3,hd
pempheridae,pempheris_gasparini,0.0439,2.62,1,s,b,m,l,3,pk
carangidae,caranx_caninus,0.038,2.957,1,w,b,f,h,6,fc
scombridae,scomberomorus_sierra,0.005,2.983,1,w,d,l,h,6,fc
hemiramphidae,hemiramphus_saltator,0.00245,3.15,1,m,b,m,h,5,im
gerreidae,gerres_simillimus,0.017,3.16,1,m,b,l,l,4,im
elopidae,elops_affinis,0.01023,3.02,1,w,d,l,h,6,fc
sphyraenidae,sphyraena_ensis,0.0007,2.845,0.985,w,d,f,h,6,fc